   Ordinate,   Date / Time,ADJCLRLK_MAY1_DV STORAGE L2020A,AVAILABLE_SUPPLY_NID_DV STORAGE L2020A,BMASDV STORAGE L2020A,CLRLK_MAY1_DV STORAGE L2020A,CVP_SL STORAGE L2020A,EBMUD_TOTALSTORAGEDV STORAGE L2020A,GROSS_STORAGE_NID_DV STORAGE L2020A,MFPPOW_FRMDW_STORAGEDV STORAGE L2020A,MFPTOT_STORAGEDV STORAGE L2020A,OROPRESEPSTOR STORAGE L2020A,PGERESBALANCE STORAGE L2020A,PGERESBALANCENEG STORAGE L2020A,PGERESBALANCEPOS STORAGE L2020A,PGESTORAGE STORAGE L2020A,PGESTORAGE_LEVEL3LODIDV STORAGE L2020A,PGESTORAGE_LEVEL4INITDV STORAGE L2020A,REMWQRELCAP STORAGE L2020A,S15 STORAGE L2020A,S17 STORAGE L2020A,S25 STORAGE L2020A,S27 STORAGE L2020A,S28 STORAGE L2020A,S29 STORAGE L2020A,S30 STORAGE L2020A,S31 STORAGE L2020A,S32 STORAGE L2020A,S33 STORAGE L2020A,S34 STORAGE L2020A,S422 STORAGE L2020A,S422_C6 STORAGE L2020A,S422_C7 STORAGE L2020A,S422_C8 STORAGE L2020A,S422_CC STORAGE L2020A,S422_P STORAGE L2020A,SIO STORAGE L2020A,SIO_CVP STORAGE L2020A,SIO_FWUA STORAGE L2020A,SIO_SWP STORAGE L2020A,S_ADJCLRLK STORAGE L2020A,S_ALMNR STORAGE L2020A,S_ALOHA STORAGE L2020A,S_ALPNE STORAGE L2020A,S_AMADR STORAGE L2020A,S_ANTLP STORAGE L2020A,S_BEARD STORAGE L2020A,S_BLKBT STORAGE L2020A,S_BLUMD STORAGE L2020A,S_BOWMN STORAGE L2020A,S_BRYSA STORAGE L2020A,S_BTVLY STORAGE L2020A,S_BUCKS STORAGE L2020A,S_CAPLS STORAGE L2020A,S_CLRLK STORAGE L2020A,S_CMBIE STORAGE L2020A,S_CMCHE STORAGE L2020A,S_CMPFW STORAGE L2020A,S_DAVIS STORAGE L2020A,S_DONLL STORAGE L2020A,S_EBTML STORAGE L2020A,S_ECHOL STORAGE L2020A,S_ENGLB STORAGE L2020A,S_EPARK STORAGE L2020A,S_ESTMN STORAGE L2020A,S_FOLSM STORAGE L2020A,S_FOLSMINIT_DV_DV STORAGE L2020A,S_FOLSM_CARRYOVER_DV STORAGE L2020A,S_FOLSM_CVP STORAGE L2020A,S_FOLSM_DELTA STORAGE L2020A,S_FOLSM_DELTA_S STORAGE L2020A,S_FOLSM_EBMUD STORAGE L2020A,S_FOLSM_MON STORAGE L2020A,S_FOLSM_TRANS STORAGE L2020A,S_FOLSM_UPSTREAM STORAGE L2020A,S_FOLSM_WHEELCVC STORAGE L2020A,S_FOLSM_WHEELJPOD STORAGE L2020A,S_FOLSM_WHLCVC STORAGE L2020A,S_FRDYC STORAGE L2020A,S_FRMAN STORAGE L2020A,S_FRMDW STORAGE L2020A,S_FRNCH STORAGE L2020A,S_GERLE STORAGE L2020A,S_HHOLE STORAGE L2020A,S_HNSLY STORAGE L2020A,S_ICEHS STORAGE L2020A,S_INDVL STORAGE L2020A,S_JKSMD STORAGE L2020A,S_JNKSN STORAGE L2020A,S_KSWCK STORAGE L2020A,S_LBEAR STORAGE L2020A,S_LCBRF STORAGE L2020A,S_LGRSV STORAGE L2020A,S_LKVLY STORAGE L2020A,S_LOONL STORAGE L2020A,S_LOSVQ STORAGE L2020A,S_LWSTN STORAGE L2020A,S_LYONS STORAGE L2020A,S_MCLRE STORAGE L2020A,S_MDSTO STORAGE L2020A,S_MELON STORAGE L2020A,S_MERLC STORAGE L2020A,S_MLRTN STORAGE L2020A,S_MTMDW STORAGE L2020A,S_NBB_APR STORAGE L2020A,S_NBB_AUG STORAGE L2020A,S_NBB_JUL STORAGE L2020A,S_NBB_JUN STORAGE L2020A,S_NBB_MAR STORAGE L2020A,S_NBB_MAY STORAGE L2020A,S_NBB_SEP STORAGE L2020A,S_NBLDB STORAGE L2020A,S_NHGAN STORAGE L2020A,S_NTOMA STORAGE L2020A,S_OROVL STORAGE L2020A,S_OROVL_DELTA STORAGE L2020A,S_OROVL_DELTA_S STORAGE L2020A,S_OROVL_MON STORAGE L2020A,S_OROVL_TRANS STORAGE L2020A,S_OROVL_UPSTREAM STORAGE L2020A,S_OROVL_WHEELCVC STORAGE L2020A,S_OROVL_WHEELJPOD STORAGE L2020A,S_OROVL_WHLCVC STORAGE L2020A,S_OROVL_WTS STORAGE L2020A,S_OROVL_WTS_STG1 STORAGE L2020A,S_PARDE STORAGE L2020A,S_PCRST STORAGE L2020A,S_PEDRO STORAGE L2020A,S_RLIEF STORAGE L2020A,S_RLLNS STORAGE L2020A,S_RLLNS_NID STORAGE L2020A,S_RLLNS_PGE STORAGE L2020A,S_RNCHO STORAGE L2020A,S_RVPHB STORAGE L2020A,S_SCOTF STORAGE L2020A,S_SGRGE STORAGE L2020A,S_SHSTA STORAGE L2020A,S_SHSTA4 STORAGE L2020A,S_SHSTA_DELTA STORAGE L2020A,S_SHSTA_DELTA_S STORAGE L2020A,S_SHSTA_MON STORAGE L2020A,S_SHSTA_TRANS STORAGE L2020A,S_SHSTA_UPSTREAM STORAGE L2020A,S_SHSTA_WHEELCVC STORAGE L2020A,S_SHSTA_WHEELJPOD STORAGE L2020A,S_SHSTA_WHLCVC STORAGE L2020A,S_SHSTA_WTS STORAGE L2020A,S_SHSTA_WTS_STG1 STORAGE L2020A,S_SILVR STORAGE L2020A,S_SLTSP STORAGE L2020A,S_SLUIS STORAGE L2020A,S_SLUIS_CVP STORAGE L2020A,S_SLUIS_CVP_DELTA STORAGE L2020A,S_SLUIS_CVP_DELTA_S STORAGE L2020A,S_SLUIS_CVP_MON STORAGE L2020A,S_SLUIS_CVP_TRANS STORAGE L2020A,S_SLUIS_CVP_UPSTREAM STORAGE L2020A,S_SLUIS_CVP_WHEELCVC STORAGE L2020A,S_SLUIS_CVP_WHEELJPOD STORAGE L2020A,S_SLUIS_CVP_WHLCVC STORAGE L2020A,S_SLUIS_SWP STORAGE L2020A,S_SLUIS_SWP_DELTA STORAGE L2020A,S_SLUIS_SWP_DELTA_S STORAGE L2020A,S_SLUIS_SWP_MON STORAGE L2020A,S_SLUIS_SWP_TRANS STORAGE L2020A,S_SLUIS_SWP_UPSTREAM STORAGE L2020A,S_SLUIS_SWP_WHEELCVC STORAGE L2020A,S_SLUIS_SWP_WHEELJPOD STORAGE L2020A,S_SLUIS_SWP_WHLCVC STORAGE L2020A,S_SLYCK STORAGE L2020A,S_SPICE STORAGE L2020A,S_SPLDG STORAGE L2020A,S_STMPY STORAGE L2020A,S_THRMA STORAGE L2020A,S_THRMF STORAGE L2020A,S_TRLCK STORAGE L2020A,S_TRNTY STORAGE L2020A,S_TRNTY_DELTA STORAGE L2020A,S_TRNTY_DELTA_S STORAGE L2020A,S_TRNTY_MON STORAGE L2020A,S_TRNTY_TRANS STORAGE L2020A,S_TRNTY_UPSTREAM STORAGE L2020A,S_TRNTY_WHEELCVC STORAGE L2020A,S_TRNTY_WHEELJPOD STORAGE L2020A,S_TRNTY_WHLCVC STORAGE L2020A,S_TULOC STORAGE L2020A,S_UBEAR STORAGE L2020A,S_UNVLY STORAGE L2020A,S_UPPERFEATHER STORAGE L2020A,S_WDWRD STORAGE L2020A,S_WKYTN STORAGE L2020A,TOTAL_MOUNTAIN_STORAGE_NID_DV STORAGE L2020A,WSI_CVP_STORAGE STORAGE L2020A
Units, ,TAF,TAF,TAF,TAF,TAF,TAF,TAF,TAF,TAF,TAF,TAF,TAF,TAF,TAF,TAF,TAF,TAF,TAF,TAF,TAF,TAF,TAF,TAF,TAF,TAF,TAF,TAF,TAF,TAF,TAF,TAF,TAF,TAF,TAF,TAF,TAF,TAF,TAF,TAF,TAF,TAF,TAF,TAF,TAF,TAF,TAF,TAF,TAF,TAF,TAF,TAF,TAF,TAF,TAF,TAF,TAF,TAF,TAF,TAF,TAF,TAF,TAF,TAF,TAF,TAF,TAF,TAF,TAF,TAF,TAF,TAF,TAF,TAF,TAF,TAF,TAF,TAF,TAF,TAF,TAF,TAF,TAF,TAF,TAF,TAF,TAF,TAF,TAF,TAF,TAF,TAF,TAF,TAF,TAF,TAF,TAF,TAF,TAF,TAF,TAF,TAF,TAF,TAF,TAF,TAF,TAF,TAF,TAF,TAF,TAF,TAF,TAF,TAF,TAF,TAF,TAF,TAF,TAF,TAF,TAF,TAF,TAF,TAF,TAF,TAF,TAF,TAF,TAF,TAF,TAF,TAF,TAF,TAF,TAF,TAF,TAF,TAF,TAF,TAF,TAF,TAF,TAF,TAF,TAF,TAF,TAF,TAF,TAF,TAF,TAF,TAF,TAF,TAF,TAF,TAF,TAF,TAF,TAF,TAF,TAF,TAF,TAF,TAF,TAF,TAF,TAF,TAF,TAF,TAF,TAF,TAF,TAF,TAF,TAF,TAF,TAF,TAF,TAF,TAF,TAF,TAF,TAF,TAF,TAF,TAF,TAF,TAF,TAF,TAF,TAF,TAF
Type, ,PER-AVER,PER-AVER,PER-AVER,PER-AVER,PER-AVER,PER-AVER,PER-AVER,PER-AVER,PER-AVER,PER-AVER,PER-AVER,PER-AVER,PER-AVER,PER-AVER,PER-AVER,PER-AVER,PER-AVER,PER-AVER,PER-AVER,PER-AVER,PER-AVER,PER-AVER,PER-AVER,PER-AVER,PER-AVER,PER-AVER,PER-AVER,PER-AVER,PER-AVER,PER-AVER,PER-AVER,PER-AVER,PER-AVER,PER-AVER,PER-AVER,PER-AVER,PER-AVER,PER-AVER,PER-AVER,PER-AVER,PER-AVER,PER-AVER,PER-AVER,PER-AVER,PER-AVER,PER-AVER,PER-AVER,PER-AVER,PER-AVER,PER-AVER,PER-AVER,PER-AVER,PER-AVER,PER-AVER,PER-AVER,PER-AVER,PER-AVER,PER-AVER,PER-AVER,PER-AVER,PER-AVER,PER-AVER,PER-AVER,PER-AVER,PER-AVER,PER-AVER,PER-AVER,PER-AVER,PER-AVER,PER-AVER,PER-AVER,PER-AVER,PER-AVER,PER-AVER,PER-AVER,PER-AVER,PER-AVER,PER-AVER,PER-AVER,PER-AVER,PER-AVER,PER-AVER,PER-AVER,PER-AVER,PER-AVER,PER-AVER,PER-AVER,PER-AVER,PER-AVER,PER-AVER,PER-AVER,PER-AVER,PER-AVER,PER-AVER,PER-AVER,PER-AVER,PER-AVER,PER-AVER,PER-AVER,PER-AVER,PER-AVER,PER-AVER,PER-AVER,PER-AVER,PER-AVER,PER-AVER,PER-AVER,PER-AVER,PER-AVER,PER-AVER,PER-AVER,PER-AVER,PER-AVER,PER-AVER,PER-AVER,PER-AVER,PER-AVER,PER-AVER,PER-AVER,PER-AVER,PER-AVER,PER-AVER,PER-AVER,PER-AVER,PER-AVER,PER-AVER,PER-AVER,PER-AVER,PER-AVER,PER-AVER,PER-AVER,PER-AVER,PER-AVER,PER-AVER,PER-AVER,PER-AVER,PER-AVER,PER-AVER,PER-AVER,PER-AVER,PER-AVER,PER-AVER,PER-AVER,PER-AVER,PER-AVER,PER-AVER,PER-AVER,PER-AVER,PER-AVER,PER-AVER,PER-AVER,PER-AVER,PER-AVER,PER-AVER,PER-AVER,PER-AVER,PER-AVER,PER-AVER,PER-AVER,PER-AVER,PER-AVER,PER-AVER,PER-AVER,PER-AVER,PER-AVER,PER-AVER,PER-AVER,PER-AVER,PER-AVER,PER-AVER,PER-AVER,PER-AVER,PER-AVER,PER-AVER,PER-AVER,PER-AVER,PER-AVER,PER-AVER,PER-AVER,PER-AVER,PER-AVER,PER-AVER,PER-AVER,PER-AVER,PER-AVER,PER-AVER,PER-AVER,PER-AVER,PER-AVER,PER-AVER,PER-AVER
1,31.Jan.10,183.91,339.76,0,163.6,573.12,579.92,205.62,62.69,188.17,1588,-1.325,1.325,0,24.31,10,27,75,25,0,70,122,165,285,0,0,0,0,0,98.51,98.51,98.51,98.51,98.51,0,205.48,0,205.48,0,154.7,765,0,5.2,12.989,17.428,27.757,46.68,4.72,26.894,995,38.4,61.6,13,996.7,5.555,286.82,104.5,50.793,7.6,132,0.07,65,39.439,24.48,385.1,0,567,386,385.1,385.1,0,385.1,385.1,385.1,385.1,385.1,385.1,10.22,28.209,49.87,13.262,1.26,111.61,26.253,29.275,77,31.422,11.733,23.77,3.809,3.201,49.05,3.6,41.179,98.51,14,2.9801,415.89,17,1578.4,24.502,205.48,5,0,0,0,0,0,0,0,600,105.01,8.76,1749.5,1749.5,1749.5,1749.5,1749.5,1749.5,1749.5,1749.5,1749.5,0,0,161.1,3.822,1420.7,5.554,65.996,55.996,10,0,2.5819,30.432,38.3,3577.9,0,3577.9,3577.9,3577.9,3577.9,3577.9,3577.9,3577.9,3577.9,0,0,2.1078,20.5,1064.7,573.12,573.12,573.12,645.94,573.12,645.94,573.12,573.12,573.12,491.6,491.6,491.6,814,491.6,814,491.6,491.6,491.6,25.16,105,21.217,16.645,57.041,24,18,1030.5,1030.5,1030.5,1030.5,1030.5,1030.5,1030.5,1030.5,1030.5,57,3.08,148.7,1043.2,21.1,206,74.12,5566.7
2,28.Feb.10,183.91,354.37,0,163.6,730.07,573.88,205.62,62.69,188.17,1588,-4.655,4.655,0,32.02,10,32.55,75,25,0,70,122,165,290,0,0,0,0,0,98.49,98.49,98.49,98.49,98.49,0,282.21,0,282.21,0,206.45,788,0,5.93,14.557,18.6,24.7,62.48,5.39,25.773,1046.2,38.4,64.758,13,1048.5,5.555,274.78,104.5,51.193,5.9,138,0.07,65,46.615,36.42,429.27,423.03,90,430.2,429.27,429.27,0,429.27,429.27,429.27,429.27,429.27,429.27,9.292,28.766,51.27,13.616,1.26,122.34,39.95,28.327,93.12,32.02,13.719,23.77,5.005,3.201,52.125,3.6107,41.253,98.49,14,3.4583,471.24,18,1635.5,28.198,282.21,6,0,0,0,0,0,0,0,650,123.44,8.76,1981.4,1981.4,1981.4,1981.4,1981.4,1981.4,1981.4,1981.4,1981.4,0,0,161.1,3.131,1480.9,3.142,65.996,55.996,10,0,4.2152,37.157,38.3,4251,0,4251,4251,4251,4251,4251,4251,4251,4251,0,0,2.233,27.01,1314,730.07,730.07,730.07,769.09,730.07,769.09,730.07,730.07,730.07,583.9,583.9,583.9,789,583.9,789,583.9,583.9,583.9,35.88,105,18.352,18.334,57.041,24,25,1166.7,1166.7,1166.7,1166.7,1166.7,1166.7,1166.7,1166.7,1166.7,57,3.49,159.16,1087.9,10.458,206,73.21,6577.1
3,31.Mar.10,183.91,354.37,0,163.6,728.03,592.08,205.62,62.69,188.17,1588,-13.144,13.144,0,38.49,10,54.15,75,35,0,70,122,165,300,0,0,0,0,0,91.6,91.6,91.6,91.6,91.6,0,332.89,0,332.89,0,255.23,830.5,0.87,7.48,16.927,20.6,31.203,102.03,5.16,29.416,1088.6,40.8,70.1,13.651,1097.2,5.555,282.98,104.5,54.156,4.6,142,0.365,65,48.2,50.08,525.11,521.19,90,525.33,525.11,525.11,0,525.11,525.11,525.11,525.11,525.11,525.11,10.601,30.728,51.73,14.576,1.26,148.37,55.046,28.415,107.15,34.419,16.719,23.77,7.059,3.201,58.777,4.2119,43.736,91.6,14,2.6037,531.14,18,1703.7,34.883,332.89,11,0,0,0,0,0,0,0,748.39,146.87,8.76,2289.2,2289.2,2289.2,2289.2,2289.2,2289.2,2289.2,2289.2,2289.2,0,0,167.1,3.441,1626,2.731,65.996,55.996,10,0,5.308,45.316,50.4,4439,0,4439,4439,4439,4439,4439,4439,4439,4439,0,0,3.1719,31.43,1347.6,728.03,728.03,728.03,823.41,728.03,823.41,728.03,728.03,728.03,619.6,619.6,619.6,811,619.6,811,619.6,619.6,619.6,47.06,109.26,26.724,20,57.041,24,30,1299.4,1299.4,1299.4,1299.4,1299.4,1299.4,1299.4,1299.4,1299.4,58.5,5.15,182.76,1169,5.805,217,73.04,6991.6
4,30.Apr.10,183.91,397.59,6.13,163.6,767.84,610.68,188.61,62.69,188.17,1588,-40.314,40.314,0,78.55,10,89.26,75,40,0,72,122,165,310,0,0,0,0,0,91.14,91.14,91.14,91.14,91.14,0,177.92,0,177.92,0,247.57,882.1,2.3765,9.04,20.301,22.6,49.479,144,7.84,37.564,1120.8,41.9,79.133,14.93,1089.6,5.555,295.48,104.5,61.837,15.746,140,1.0216,65,50.9,61.84,731.94,730.44,90,732.86,731.94,731.94,0,731.94,731.94,731.94,731.94,731.94,731.94,16.469,34.078,72.62,16.423,1.26,178.58,70.037,31.662,124.72,42.539,20.129,23.77,13.317,3.201,71.771,5.0715,51.048,91.14,14,3.3565,624.1,19,1698.1,43.806,177.92,18,850,659.77,820,920,748.39,930,430,850,170.31,8.76,2721.5,2721.5,2721.5,2721.5,2721.5,2721.5,2721.5,2721.5,2721.5,0,0,175.2,8.406,1713,3.194,65.996,55.996,10,0,6.143,48.547,50.4,4552.1,0,4552.1,4552.1,4552.1,4552.1,4552.1,4552.1,4552.1,4552.1,0,0,6.0944,65.23,1265.7,767.84,767.84,777.35,819.32,767.84,819.32,767.84,767.84,767.84,497.8,604.6,595,686.2,604.6,686.2,604.6,604.6,604.6,54.25,127.69,51.864,20,57.041,24,30,1490.7,1490.7,1490.7,1490.7,1490.7,1490.7,1490.7,1490.7,1490.7,62.5,7.01,227.04,1271.8,5.172,240,80.04,7542.6
5,31.May.10,247.57,397.59,47.5,247.57,656.64,635.49,188.61,72.62,251.2,1588,-65.579,65.579,0,164.5,10,193.9,75,40,0,72,122,165,315,0,0,0,0,0,90.34,90.34,90.34,90.34,90.34,0,244.2,0,244.2,0,223.75,961.9,5.063,9.55,22,22.6,74.878,144,12.73,58.852,1099.4,41.5,91.5,19.175,1065.7,5.555,299.43,104.5,65.674,46.731,138,1.943,65,50.9,65.34,967,967,0,967,967,967,0,967,967,967,967,967,967,33.598,35.438,110.52,19.712,1.26,207.59,74.54,36.733,114.57,58.599,23.226,23.77,25.266,7.689,84.938,6.7795,69.556,90.34,14,4.3,761.36,20,1676.1,45.04,244.2,20,0,0,0,0,0,0,0,930.67,172.3,8.76,3063.9,3063.9,3063.9,3063.9,3063.9,3063.9,3063.9,3063.9,3063.9,0,0,198.06,18.082,1799.1,9.194,65.996,55.996,10,0,6.143,48.547,50.4,4552.1,0,4552.1,4552.1,4552.1,4552.1,4552.1,4552.1,4552.1,4552.1,0,0,8.64,139.24,982.6,656.64,656.64,664.54,722.54,656.64,728.07,656.64,656.64,656.64,325.9,426,418.1,435.1,426,442.3,426,426,426,55.32,176.23,75.912,20,57.041,24,32,1540,1540,1540,1540,1540,1540,1540,1540,1540,67,7.24,264.2,1385,2.545,240,98.16,7715.7
6,30.Jun.10,247.57,397.59,46.02,247.57,434.78,743.43,188.61,110.52,318.11,1588,-11.593,11.593,0,193.9,112,164.5,75,40,0,72,122,165,315,0,0,0,0,0,89.33,89.33,89.33,89.33,89.33,0,480.02,0,480.02,0,190.35,984,5.063,9.39,22,21.7,96.8,144,15.07,68.363,1052.8,42.2,86.2,22.338,1032.3,5.555,413.37,104.5,64.508,63.5,132,1.943,65,50.372,54.67,967,967,90,967,967,967,0,967,967,967,967,967,967,49.426,32.962,134.99,20.948,1.26,207.59,67.762,40.656,101.68,67.435,22.609,23.77,52,7.689,84.647,7.6,69.556,89.33,14,4.6041,988.64,20,1802.1,42.716,480.02,17,0,0,0,0,0,0,0,963.5,166.28,8.76,3333.2,3333.2,3333.2,3333.2,3333.2,3333.2,3333.2,3333.2,3333.2,0,0,198.06,17.977,2030,15.1,65.996,55.996,10,0,6.143,45.198,47.668,4500,0,4500,4500,4500,4500,4500,4500,4500,4500,0,0,8.64,141.9,622.3,434.78,434.78,434.78,481.32,434.78,481.32,434.78,434.78,434.78,187.6,187.6,187.6,269.3,187.6,278.5,187.6,187.6,187.6,48.99,185.35,75.912,20,57.041,24,32,1805.2,1805.2,1805.2,1805.2,1805.2,1805.2,1805.2,1805.2,1805.2,67,7.04,264.2,1388.4,3.095,240,138.79,7707
7,31.Jul.10,247.57,397.59,0,247.57,220.63,698.08,188.61,134.99,342.58,1588,0,0,0,179.88,94,162.6,75,40,0,72,122,165,315,0,0,0,0,0,100.45,100.45,100.45,100.45,100.45,0,407.21,0,407.21,0,136.59,932,5.063,8.59,20.169,20.4,96.8,130.2,13.18,62.688,994.5,42.1,76.7,22.338,978.6,5.555,372.08,103,61.254,63.371,128,1.943,65,49.08,39.75,896.24,942,90,942,896.24,896.24,0,896.24,896.24,896.24,896.24,896.24,896.24,41.829,30,118.83,20.359,1.26,180.85,58.848,37.137,85.91,63.853,19.998,23.77,48.601,4.8351,75.55,7.2689,59.704,100.45,14,2.575,945.83,21,1744.6,38.426,407.21,11,0,0,0,0,0,0,0,820,156.92,8.76,2836.1,2836.1,2836.1,2836.1,2836.1,2836.1,2836.1,2836.1,2836.1,0,0,198,17.602,1910,14.5,65.996,55.996,10,0,5.648,41.152,38.3,4025.8,0,4025.8,4025.8,4025.8,4025.8,4025.8,4025.8,4025.8,4025.8,0,0,8.3131,131.28,505.7,220.63,220.63,220.63,220.63,220.63,220.63,220.63,220.63,220.63,285.1,270,270,270,285.1,270,285.1,285.1,285.1,39.08,165.88,60.559,18.708,57.041,24,32,1829.1,1829.1,1829.1,1829.1,1829.1,1829.1,1829.1,1829.1,1829.1,67,5.75,228.7,1293.7,2.852,240,158.38,6971.7
8,31.Aug.10,247.57,397.59,0,247.57,106.37,646.98,188.61,118.83,299.68,1588,0,0,0,148.49,76,139.94,75,40,0,72,122,165,315,0,0,0,0,0,111.18,111.18,111.18,111.18,111.18,0,292.05,0,292.05,0,94.01,861,1.7,7.45,18.171,18.9,94.601,107.63,9.97,51.168,947.7,41.6,68.4,18.994,936,5.555,330.68,97.39,58.533,51.521,122,1.7965,65,47.605,27.88,792,792,90,792,792,792,0,792,792,792,792,792,792,28.433,29.222,98.18,19.54,1.26,148.78,49.2,33.569,69.8,57.505,16.86,23.77,38.547,4.278,69.63,6.8648,49.852,111.18,14,1.3,862.92,22,1668.4,35.036,292.05,8,0,0,0,0,0,0,0,695,149.75,8.76,2417.8,2413.4,2413.4,2388.1,2417.8,2413.4,2417.8,2417.8,2417.8,0,4.366,194.3,16.306,1767.8,11.308,65.996,55.996,10,0,4.017,36.411,38.973,3700,0,3700,3700,3700,3700,3700,3700,3700,3700,0,0,6.9754,109.95,517.5,106.37,106.37,106.37,106.37,106.37,106.37,106.37,106.37,106.37,411.1,380.5,380.5,380.5,411.1,380.5,411.1,411.1,411.1,27.83,145.44,50.561,18.039,57.041,24,30,1776.1,1776.1,1776.1,1776.1,1776.1,1776.1,1776.1,1776.1,1776.1,67,2.95,184.35,1187.1,3.076,240,148.53,6374.4
9,30.Sep.10,247.57,397.59,0,247.57,159.69,597.88,188.61,98.18,246.96,1588,0,0,0,113.63,58,100,75,40,0,72,122,165,315,0,0,0,0,0,111.2,111.2,111.2,111.2,111.2,0,226.29,0,226.29,0,70.33,819,0.4,6.08,16.328,17.6,88.331,87.82,7.17,45.392,918.8,39.9,60.4,15.085,912.3,5.2564,289.98,92.46,56.627,35.6,118,0.0815,65,46.653,26.92,752,752,90,752,752,752,0,752,752,752,752,752,752,15.367,28.593,77.25,15.016,1.26,116.52,42.233,31.13,57.47,51.353,14.802,23.77,27.923,3.8837,60.89,6.5322,44.212,111.2,14,1.5,801.67,20,1640.4,33.03,226.29,5,0,0,0,0,0,0,0,650,146.09,8.76,2281.1,2285.4,2285.4,2285.4,2281.1,2285.4,2281.1,2281.1,2281.1,0,0,189.9,13.102,1688.7,8.546,61.159,55.146,6.013,0,2.3517,31.507,38.547,3400,0,3400,3400,3400,3400,3400,3400,3400,3400,0,0,4.097,85.71,710,159.69,159.69,159.69,159.69,159.69,159.69,159.69,159.69,159.69,550.3,547.2,547.2,547.2,550.3,547.2,550.3,550.3,550.3,22.2,125.44,45.897,16.967,57.041,24,27,1730.1,1730.1,1730.1,1730.1,1730.1,1730.1,1730.1,1730.1,1730.1,63.5,1.58,166.38,1112.6,3.842,235,129.84,6041.8
10,31.Oct.10,247.57,397.59,0,247.57,305.59,578.32,188.61,77.25,193.77,2281.1,0,0,0,98.47,40,93.97,75,30,0,71,122,165,305,0,0,0,0,0,116.14,116.14,116.14,116.14,116.14,0,232.73,0,232.73,0,71.73,797,0,5.01,15.814,16.6,82.301,53.01,5.42,39.885,905.3,38.5,55.6,15.484,913.7,5.555,299.22,104.5,56.306,23.4,118,0.242,65,46.642,26.96,712,712,420.06,712,712,712,0,712,712,712,712,712,712,8.75,28.676,61.35,12.687,1.26,116.52,32.533,30,55.57,47.885,13.065,23.77,23.629,4.697,47,4.9,40,116.14,14,2.4834,674.6,17,1645.4,33.552,232.73,4,0,0,0,0,0,0,0,650,145.72,8.76,2266.2,2266.2,2266.2,2266.2,2266.2,2266.2,2266.2,2266.2,2266.2,0,0,161.1,13.772,1660,11,65.996,55.996,10,0,2.888,30.703,42.187,3250,0,3250,3250,3250,3250,3250,3250,3250,3250,0,0,3.1584,74.84,1042.2,305.59,305.59,305.59,305.59,305.59,305.59,305.59,305.59,305.59,736.6,736.6,736.6,736.6,736.6,736.6,736.6,736.6,736.6,25.98,110.88,32.892,17.492,57.041,24,13.613,1744.5,1744.5,1744.5,1744.5,1744.5,1744.5,1744.5,1744.5,1744.5,57,1.38,140,1072.6,5.305,217,113.39,6012.1
11,30.Nov.10,247.57,397.59,0,247.57,495.83,583.87,188.61,61.35,177.86,2281.1,0,0,0,77.31,30,77.31,75,25,0,70,122,165,295,0,0,0,0,0,127.37,127.37,127.37,127.37,127.37,0,319,0,319,0,78.07,774,0,4.51,15.85,16.2,72.968,39.35,5,33.413,902.9,37.9,55.1,16.133,920.1,5.555,300.77,104.5,56.616,18.4,122,0.07,65,46.613,27.94,562.34,567,335.68,567,567,567,0,567,567,567,562.34,562.34,562.34,14.061,28.633,50,12.687,1.26,100.4,25,30,56.75,44.45,12.728,23.77,16.56,3.201,44.82,3.9,40,127.37,14,3.0583,674.6,15,1694.9,35.295,319,4,0,0,0,0,0,0,0,650,151.79,8.76,2276.1,2276.1,2276.1,2276.1,2276.1,2276.1,2276.1,2276.1,2276.1,0,0,161.1,11.352,1678.3,11.33,65.996,55.996,10,0,3.4677,29.25,38.3,3180.5,0,3224.8,3224.8,3224.8,3224.8,3224.8,3180.5,3180.5,3180.5,0,0,3.686,60.75,1414.2,495.83,495.83,495.83,495.83,495.83,495.83,495.83,495.83,495.83,918.4,918.4,918.4,890.1,918.4,918.4,918.4,918.4,918.4,18.58,100.88,26.332,18.136,57.041,24,13,1791.7,1791.7,1791.7,1791.7,1791.7,1791.7,1791.7,1791.7,1791.7,57,2.22,140,1039.3,5.437,206,102.09,6030.4
12,31.Dec.10,247.57,397.59,0,247.57,746.68,553.34,188.61,50,150.4,2281.1,-1.027,1.027,0,116.51,20,56.16,75,40,0,72,122,165,315,0,0,0,0,0,127.45,127.45,127.45,127.45,127.45,0,439,0,439,0,186.3,776,0,4.83,22,17.1,73.204,38,4.87,31.666,970.1,38.3,58.3,17.527,1028.3,5.555,264.24,104.5,58.884,13.878,128,0.07,65,48.2,59.22,567,567,275,567,567,567,0,567,567,567,567,567,567,19.673,29.895,50.49,12.687,1.26,164.14,26.517,30,78.6,53,19.297,23.77,23.848,7.689,54.133,3.9,40,127.45,14,3.3186,674.6,15,1861.2,52.925,439,5,0,0,0,0,0,0,0,737.16,152.1,8.76,2788,2788,2788,2788,2788,2788,2788,2788,2788,0,0,161.1,14.481,1690,11.9,65.996,55.996,10,0,5.308,37.187,38.3,3359,0,3359,3359,3359,3359,3359,3359,3359,3359,0,0,3.756,92.66,1813.7,746.68,746.68,746.68,746.68,746.68,746.68,746.68,746.68,746.68,1067,1067,1067,1067,1067,1067,1067,1067,1067,23.77,97.25,25.389,20,57.041,24,13,1850,1850,1850,1850,1850,1850,1850,1850,1850,57,2.82,204.08,1066.7,21.1,206,92.18,6522.7
13,31.Jan.11,247.57,397.59,0,247.57,972,554.65,188.61,50,150.4,2281.1,0,0,0,116.86,10,35,75,40,0,72,122,165,315,0,0,0,0,0,139.76,139.76,139.76,139.76,139.76,0,439,0,439,0,216.52,765,0,5.2,22,17.6,67.629,47.62,4.72,26.894,992.3,38.4,61.6,18.029,1058.5,5.555,261.55,104.5,58.996,13.976,132,0.07,65,48.2,80.29,567,0,567,567,567,567,0,567,567,567,567,567,567,15.986,31.24,53.88,13.409,1.26,158.6,37.5,28.444,87.86,53,22.897,23.77,26.539,4.9682,49.05,3.6,39.652,139.76,14,4,674.6,17,1947.3,57,439,5,0,0,0,0,0,0,0,632.85,175.91,8.76,3007.4,3007.4,3007.4,3007.4,3007.4,3007.4,3007.4,3007.4,3007.4,0,0,161.1,14.464,1690,11.5,65.996,55.996,10,0,5.308,40.082,38.3,3736.8,0,3736.8,3736.8,3736.8,3736.8,3736.8,3736.8,3736.8,3736.8,0,0,3.756,90.32,2039,972,972,972,972,972,972,972,972,972,1067,1067,1067,1067,1067,1067,1067,1067,1067,25.16,97.25,21.217,20,57.041,24,18,1863,1863,1863,1863,1863,1863,1863,1863,1863,57,3.08,197,1057.4,21.1,206,98.98,7138.9
14,28.Feb.11,247.57,397.59,0,247.57,972,575.27,188.61,50,150.4,2281.1,0,0,0,101.92,10,101.92,75,40,0,72,122,165,315,0,0,0,0,0,139.74,139.74,139.74,139.74,139.74,0,419.81,0,419.81,0,282.33,788,0,5.93,22,18.6,57.7,78.83,5.39,25.773,1066.3,38.4,67.518,18.774,1124.3,5.555,276.17,104.5,60.904,9.272,138,0.07,65,48.2,103.32,567,567,90,567,567,567,0,567,567,567,567,567,567,16.191,32.576,55.42,14.102,1.26,158.6,52.134,26.379,103.41,53,26.364,23.77,24.086,3.201,53.9,3.5805,39.503,139.74,14,4,674.6,18,1970,57,419.81,6,0,0,0,0,0,0,0,650,197,8.76,2966,2966,2966,2966,2966,2966,2966,2966,2966,0,0,161.1,14.555,1690,6.652,65.996,55.996,10,0,5.308,45.142,38.3,4062.2,0,4062.2,4062.2,4062.2,4062.2,4062.2,4062.2,4062.2,4062.2,0,0,3.756,77.83,2039,972,972,972,972,972,972,972,972,972,1067,1067,1067,1067,1067,1067,1067,1067,1067,35.88,97.25,10,20,57.041,24,25,1932.5,1932.5,1932.5,1932.5,1932.5,1932.5,1932.5,1932.5,1932.5,57,3.49,190.51,1107.1,21.1,206,94.93,7533.6
15,31.Mar.11,247.57,397.59,0,247.57,972,601.92,188.61,50,150.4,2281.1,-9.506,9.506,0,128.07,10,128.07,75,40,0,72,122,165,315,0,0,0,0,0,133.5,133.5,133.5,133.5,133.5,0,476.88,0,476.88,0,312,866.2,0.78,7.48,22,20.6,78.7,86.87,5.16,31.57,1283.2,40.8,75.3,19.726,1154,5.555,292.82,104.5,67.063,16.44,142,0.4801,65,48.2,120.32,756,756,90,756,756,756,0,756,756,756,756,756,756,17.028,38.339,63.68,15.016,1.26,163.49,49.688,26.468,157.3,53,39.376,23.77,30.292,3.201,66.613,3.8042,41.801,133.5,14,4,719.66,18,2030,57,476.88,11,0,0,0,0,0,0,0,750,212.87,8.76,2788,2788,2788,2788,2788,2788,2788,2788,2788,0,0,167.1,14.998,1690,3.52,65.996,55.996,10,0,5.308,48.547,50.4,4364,0,4364,4364,4439,4364,4364,4364,4364,4364,0,0,3.756,97.78,2039,972,972,972,972,972,972,972,972,972,1067,1067,1067,1067,1067,1067,1067,1067,1067,47.06,104.08,10,20,57.041,24,30,2100,2100,2100,2100,2100,2100,2100,2100,2100,58.5,5.15,208.36,1238.3,25.8,217,94.51,8192
16,30.Apr.11,247.57,568.93,-3.71,247.57,972,582.63,213.01,50,150.4,2281.1,-34.793,34.793,0,167.3,10,167.3,75,40,0,72,122,165,315,0,0,0,0,0,144.89,144.89,144.89,144.89,144.89,0,432.19,0,432.19,0,302.64,962.5,2.4922,9.04,22,22.6,93.003,144,7.84,41.227,1279.4,41.9,88,21.276,1144.6,5.555,267.43,104.5,82.707,46.605,140,1.2436,65,50.9,140.09,900,900,90,900,900,900,0,900,900,900,900,900,900,26.417,52.916,92.24,17.77,1.26,201.24,76.509,33.614,157.85,53,41,23.77,39.229,7.689,85,4.7486,52.19,144.89,14,4.1604,678.21,19,2153.6,57,432.19,20,850,649.13,820,920,750,907.86,430,896,236.84,8.76,3290,3290,3290,3290,3290,3290,3290,3290,3290,0,0,175.2,17.5,1713,3.118,65.996,55.996,10,0,6.143,48.547,50.4,4477,0,4477,4477,4552,4477,4477,4477,4477,4477,0,0,8.1456,128.07,2039,972,972,972,972,972,972,972,972,972,1067,1067,1067,1067,1067,1067,1067,1067,1067,54.25,130.21,36.443,20,57.041,24,30,2300,2300,2300,2300,2300,2300,2300,2300,2300,62.5,7.01,264.2,1416,14.725,240,101.22,8649
17,31.May.11,302.64,568.93,-24.7,302.64,972,574.1,213.01,92.24,293.49,2281.1,-32.526,32.526,0,189.41,10,193.9,75,40,0,72,122,165,315,0,0,0,0,0,156.21,156.21,156.21,156.21,156.21,0,524,0,524,0,273.51,1068,5.063,9.55,22,22.6,96.8,144,12.73,64.302,1258.4,41.5,91.5,22.338,1115.5,5.555,238.03,104.5,84.371,63.5,138,1.943,65,50.9,144.36,967,967,0,967,967,967,0,967,967,967,967,967,967,48.945,55.477,134.99,20.948,1.26,207.59,89.684,40.656,146.79,67.435,41,23.77,47.508,7.689,88.184,5.83,69.556,156.21,14,4.3,709.74,20,2205.3,55.314,524,21,0,0,0,0,0,0,0,966,240.75,8.76,3538,3538,3538,3538,3538,3538,3538,3538,3538,0,0,198.06,18.3,1714,8.812,65.996,55.996,10,0,6.143,47.278,50.4,4552.1,0,4552.1,4552.1,4552.1,4552.1,4552.1,4552.1,4552.1,4552.1,0,0,8.64,141.9,1936.9,972,972,972,972,972,972,972,972,972,964.9,1067,1067,1067,1067,1067,1067,1067,1067,61.704,187.04,75.912,20,57.041,24,32,2308.3,2308.3,2308.3,2308.3,2308.3,2308.3,2308.3,2308.3,2308.3,67,7.24,264.2,1540.5,32.5,240,113.63,8799.4
18,30.Jun.11,302.64,568.93,-4.49,302.64,926.44,714.92,213.01,134.99,342.58,2281.1,-11.593,11.593,0,193.9,112,189.41,75,40,0,72,122,165,315,0,0,0,0,0,154.98,154.98,154.98,154.98,154.98,0,524,0,524,0,242.78,1091,5.063,9.39,22,21.7,96.8,144,15.07,68.363,1234.2,42.2,86.2,22.338,1084.8,5.555,384.86,104.5,84.371,63.5,132,1.943,65,50.9,137.45,967,967,90,967,967,967,0,967,967,967,967,967,967,49.426,55.477,134.99,20.948,1.26,207.59,90,40.656,135.54,67.435,40.814,23.77,52,7.689,88.184,7.5882,69.556,154.98,14,4.3,836.89,20,2420,52.995,524,21,0,0,0,0,0,0,0,966,239.24,8.76,3538,3538,3538,3538,3538,3538,3538,3538,3538,0,0,198.06,17.717,1987.5,15.1,65.996,55.996,10,0,6.143,45.198,50.4,4500,0,4500,4500,4500,4500,4500,4500,4500,4500,0,0,8.64,141.9,1833.8,926.44,926.44,926.44,926.44,926.44,926.44,926.44,926.44,926.44,907.4,907.4,907.4,907.4,907.4,907.4,907.4,907.4,907.4,61.704,188.44,75.912,20,57.041,24,32,2447,2447,2447,2447,2447,2447,2447,2447,2447,67,7.04,264.2,1558,33.7,240,154.31,8840.4
19,31.Jul.11,302.64,568.93,0,302.64,793.21,698.08,213.01,134.99,342.58,2281.1,-0.587,0.587,0,193.9,94,162.6,75,40,0,72,122,165,315,0,0,0,0,0,160,160,160,160,160,0,489.1,0,489.1,0,198.51,1058,5.063,8.59,21.298,20.4,96.8,140.9,13.18,68.363,1183,42.1,76.7,22.338,1040.5,5.555,372.08,104.5,80.13,63.5,128,1.943,65,49.841,121.72,942,942,90,942,942,942,0,942,942,942,942,942,942,49.426,51.739,134.99,20.948,1.26,202.34,84.693,37.738,120.07,67.435,38.588,23.77,52,7.689,80.547,7.6896,59.704,160,14,2.4,914.94,21,2420,49.39,489.1,17,0,0,0,0,0,0,0,900.14,231.3,8.76,3538,3538,3538,3538,3538,3538,3538,3538,3538,0,0,198,18.043,1910,14.5,65.996,55.996,10,0,6.143,41.152,38.3,4150,0,4150,4150,4150,4150,4150,4150,4150,4150,0,0,8.64,141.9,1619.7,793.21,793.21,793.21,793.21,793.21,793.21,793.21,793.21,793.21,826.5,826.5,826.5,826.5,826.5,826.5,826.5,826.5,826.5,39.08,173.6,75.912,20,57.041,24,32,2270,2270,2270,2270,2270,2270,2270,2270,2270,67,5.75,260.83,1471.8,33.7,240,158.38,8155.2
20,31.Aug.11,302.64,568.93,0,302.64,613.16,646.98,213.01,134.99,337.33,2281.1,0,0,0,166.62,76,146.95,75,40,0,72,122,165,315,0,0,0,0,0,160,160,160,160,160,0,422.23,0,422.23,0,161.57,987,2.9868,7.45,19.461,18.9,96.8,119.27,9.97,60.155,1136.9,41.6,68.4,22.338,1003.6,5.555,330.68,104.5,76.203,60.579,122,1.943,65,48.431,106.98,792,792,90,792,792,792,0,792,792,792,792,792,792,36.224,47.535,119.39,19.54,1.26,179.92,76.167,33.869,102.63,58.464,35.913,23.77,43.304,7.3719,69.63,7.2807,49.852,160,14,1.3,851.79,22,2130,45.876,422.23,14,0,0,0,0,0,0,0,697.1,223.81,8.76,3531.4,3531.4,3531.4,3531.4,3531.4,3531.4,3531.4,3531.4,3531.4,0,0,194.3,16.7,1774.9,12.704,65.996,55.996,10,0,5.3566,38.968,38.3,3700,0,3700,3700,3700,3700,3700,3700,3700,3700,0,0,7.2468,123.32,1382.5,613.16,613.16,613.16,613.16,613.16,613.16,613.16,613.16,613.16,769.4,738.7,738.7,738.7,769.4,738.7,769.4,769.4,769.4,27.83,149.3,50.561,19.559,57.041,24,30,2150,2150,2150,2150,2150,2150,2150,2150,2150,67,2.95,200.42,1356.5,33.7,240,158.38,7255.2
21,30.Sep.11,302.64,568.93,0,302.64,635.17,597.88,213.01,119.39,299.31,2281.1,0,0,0,132.64,58,100,75,40,0,72,122,165,315,0,0,0,0,0,160,160,160,160,160,0,384.9,0,384.9,0,136.84,928,0.4,6.08,17.695,17.6,94.643,97.07,7.17,55.942,1107.7,39.9,60.4,22.314,978.8,5.1488,289.98,99.75,72.832,48.278,118,0.232,65,47,99.54,752,752,90,752,752,752,0,752,752,752,752,752,752,27.207,45.734,101.16,15.016,1.26,159.55,67.458,31.13,88.77,49.168,33.643,23.77,32.911,6.193,60.89,6.9457,44.212,160,14,1.5,793.5,20,2000,44.265,384.9,10,0,0,0,0,0,0,0,650,219.75,8.76,3351,3351,3351,3351,3351,3351,3351,3351,3351,0,0,189.9,13.822,1685.4,9.47,61.159,60.346,0.813,0,4.3913,32.341,37.892,3400,0,3400,3400,3400,3400,3400,3400,3400,3400,0,0,6.1618,99.73,1283.9,635.17,635.17,635.17,635.17,635.17,635.17,635.17,635.17,635.17,648.8,747.1,747.1,747.1,748.7,747.1,748.7,748.7,748.7,22.2,129.3,45.897,19.387,57.041,24,27,1975,1975,1975,1975,1975,1975,1975,1975,1975,63.5,1.58,166.38,1261.9,31.4,235,139.79,6762.2
22,31.Oct.11,302.64,568.93,0,302.64,762.98,568.56,213.01,101.16,260.71,3351,0,0,0,108.23,40,108.23,75,30,0,71,122,165,305,0,0,0,0,0,160,160,160,160,160,0,336.61,0,336.61,0,129.42,892,0,5.01,17.019,16.6,93.005,53.1,5.42,48.901,1090.6,38.5,55.6,22.338,971.4,5.555,289.46,104.5,70.626,29.776,118,0.07,65,46.525,99.11,712,712,420.06,712,712,712,0,712,712,712,712,712,712,20.012,44.991,84.82,12.687,1.26,158.69,46.5,30,83.64,42.628,31.366,23.77,26.19,4.697,47,4.9,40,160,14,1.5,674.6,17,1970,43.671,336.61,5,0,0,0,0,0,0,0,650,220,8.76,3163,3163,3163,3163,3163,3163,3163,3163,3163,0,0,161.1,10.526,1660,8.303,65.996,55.996,10,0,4.8569,30.703,38.843,3250,0,3250,3250,3250,3250,3250,3250,3250,3250,0,0,5.061,82.04,1467.9,762.98,762.98,762.98,762.98,762.98,762.98,762.98,762.98,762.98,704.9,704.9,704.9,704.9,704.9,704.9,704.9,704.9,704.9,25.98,118.6,32.892,19.263,57.041,24,13.09,1850,1850,1850,1850,1850,1850,1850,1850,1850,57,1.38,140,1201.2,21.1,217,121.76,6575
23,30.Nov.11,302.64,568.93,0,302.64,938.65,560.46,213.01,84.82,243.51,3351,0,0,0,82.5,30,83.82,75,25,0,70,122,165,295,0,0,0,0,0,159.88,159.88,159.88,159.88,159.88,0,338.57,0,338.57,0,128.19,857,0,4.51,16.577,16.2,77.622,39.27,5,38.014,1087.9,37.9,55.1,21.378,970.2,5.555,277.36,104.5,69.516,18.4,122,0.07,65,46.71,99.32,561.05,567,335.68,567,567,567,0,567,567,567,561.05,561.05,561.05,15.785,44.754,67.3,12.648,1.26,135.85,25,30,82.88,36.257,30.164,23.77,17.796,3.201,44.82,3.9,39.093,159.88,14,1.9,666.72,15,1970,43.186,338.57,5,0,0,0,0,0,0,0,638.76,152.1,8.76,3087.5,3087.5,3087.5,3087.5,3087.5,3087.5,3087.5,3087.5,3087.5,0,0,161.1,8.092,1641.8,6.06,65.996,55.996,10,0,4.6766,28.884,38.3,3175.1,0,3213.3,3213.3,3213.3,3213.3,3213.3,3175.1,3175.1,3175.1,0,0,3.756,64.71,1674.1,938.65,938.65,938.65,938.65,938.65,938.65,938.65,938.65,938.65,735.5,735.5,735.5,728.2,735.5,735.5,735.5,735.5,735.5,18.58,108.6,26.332,19.317,57.041,24,13,1819.7,1850,1850,1850,1850,1850,1819.7,1819.7,1819.7,57,2.1544,140,1153.5,21.1,206,105.85,6494.5
24,31.Dec.11,302.64,568.93,0,302.64,972,555.86,213.01,67.3,203.14,3351,0,0,0,56.44,20,58.75,75,25,0,70,122,165,282,0,0,0,0,0,160,160,160,160,160,0,358.09,0,358.09,0,123.21,830,0,4.61,16.09,16.403,60.611,39.54,4.87,29.191,1080.8,38.3,55.606,14.779,965.2,5.555,266.76,103.51,67.948,11.2,128,0.07,65,46.455,99.96,528.14,524.78,275,528.74,528.14,528.14,0,528.14,528.14,528.14,528.14,528.14,528.14,10.862,44.743,50,12.487,1.26,100,24.626,29.465,82.55,35.835,29.387,23.77,10.083,3.201,44.856,3.7055,37.49,160,14,2,651.83,15,1970,42.752,358.09,5,0,0,0,0,0,0,0,614.54,152.1,8.76,2844.9,2844.9,2844.9,2816.6,2844.9,2844.9,2844.9,2844.9,2844.9,0,0,161.1,5.138,1608.7,4.762,65.996,60.503,5.493,0,2.3176,27.058,38.3,3206.1,0,3206.1,3206.1,3206.1,3206.1,3206.1,3206.1,3206.1,3206.1,0,0,3.2475,46.36,1920.5,972,972,972,972,972,972,972,972,972,948.5,948.5,948.5,948.5,948.5,948.5,948.5,948.5,948.5,20.316,104,23.514,19.356,57.041,24,13,1698.7,1698.7,1698.7,1698.7,1698.7,1698.7,1698.7,1698.7,1698.7,57,2.82,140,1125.5,21.1,206,88.55,6404.8
25,31.Jan.12,302.64,554.32,0,302.64,972,568.31,213.01,67.3,203.14,3351,0,0,0,35,10,35,75,25,0,44,117.15,163.54,280,0,0,0,0,0,155.39,155.39,155.39,155.39,155.39,0,344.06,0,344.06,0,144.97,842,0,5.2,16.119,17.347,40.373,47.08,4.72,26.894,1096.1,38.4,59.252,13,987,5.555,275.21,104.5,67.756,7.6,132,0.07,65,48.2,102,522.84,0,567,523.35,522.84,522.84,0,522.84,522.84,522.84,522.84,522.84,522.84,11.267,45.202,52.02,12.891,1.26,108.63,27.519,28.712,86.75,36.892,29.712,23.77,7.048,3.201,46.688,3.6,39.222,155.39,14,2.5787,658.98,17,1970,44.024,344.06,5,0,0,0,0,0,0,0,600,155.74,8.76,2871.1,2871.1,2871.1,2871.1,2871.1,2871.1,2871.1,2871.1,2871.1,0,0,161.1,4.322,1601,2.92,65.996,55.996,10,0,3.1739,26.68,38.3,3338.3,0,3338.3,3338.3,3338.3,3338.3,3338.3,3338.3,3338.3,3338.3,0,0,3.4022,27.95,1890.5,972,972,972,972,972,972,972,972,972,918.5,918.5,918.5,1067,918.5,1067,918.5,918.5,918.5,25.16,104,21.217,20,57.041,24,18,1681.6,1681.6,1681.6,1681.6,1681.6,1681.6,1681.6,1681.6,1681.6,57,3.08,153.17,1150,21.1,206,79.14,6514.7
26,29.Feb.12,302.64,554.32,0,302.64,906.87,555.97,213.01,67.3,203.14,3351,0,0,0,27.54,10,27.54,75,25,0,44,112.87,148.67,280,0,0,0,0,0,152.54,152.54,152.54,152.54,152.54,0,262.25,0,262.25,0,146.19,871,0,5.93,15.908,18.01,24.7,54.38,5.39,25.773,1095.7,38.4,61.713,12.941,988.2,5.555,256.87,103,67.47,5.9,138,0.07,65,48.2,102.94,504.5,499.29,90,505.07,504.5,504.5,0,504.5,504.5,504.5,504.5,504.5,504.5,10.949,45.532,53.1,13.108,1.26,112.64,29.56,25.374,88.53,37.408,29.575,23.77,6.376,3.201,43.814,3.5649,34.963,152.54,14,2.1309,652.67,18,1970,44.935,262.25,7,0,0,0,0,0,0,0,599.49,157.5,8.76,2869.4,2869.4,2869.4,2869.4,2869.4,2869.4,2869.4,2869.4,2869.4,0,0,161.1,3.271,1576.4,1.903,65.867,55.867,10,0,3.621,30.528,38.3,3301.4,0,3301.4,3301.4,3301.4,3301.4,3301.4,3301.4,3301.4,3301.4,0,0,3.5297,21.16,1637.8,906.87,906.87,906.87,906.87,906.87,906.87,906.87,906.87,906.87,730.9,730.9,730.9,730.9,730.9,730.9,730.9,730.9,730.9,35.88,104,10,20,57.041,24,25,1712.6,1712.6,1712.6,1712.6,1712.6,1712.6,1712.6,1712.6,1712.6,57,3.49,161.18,1192.4,21.1,206,78.31,6425.3
27,31.Mar.12,302.64,554.32,0,302.64,972,567.79,213.01,67.3,203.14,3351,-13.385,13.385,0,46.93,10,46.93,75,35,0,70,122,165,300,0,0,0,0,0,144.53,144.53,144.53,144.53,144.53,0,191.37,0,191.37,0,222.44,821,0.57,7.48,18.972,20.531,29.44,83.31,5.16,31.57,1179.7,40.8,72.383,13.594,1064.4,5.555,258.69,104.5,70.428,4.6,142,0.3723,65,48.2,106.81,756,756,90,756,756,756,0,756,756,756,756,756,756,14.462,46.783,71.66,15.016,1.26,138.43,35.32,24.872,106.81,42.715,32.939,23.77,8.942,3.201,58.761,4.6774,37.474,144.53,14,1.646,649.01,18,2013.7,52.957,191.37,9,0,0,0,0,0,0,0,750,174.87,8.76,2854,2854,2854,2854,2854,2854,2854,2854,2854,0,0,167.1,3.443,1578.7,2.357,65.996,55.996,10,0,5.308,45.833,50.4,3973,0,3973,3973,3973.4,3973,3973.4,3973,3973,3973,0,0,3.756,37.99,1665.6,972,972,972,972,972,972,972,972,972,693.6,693.6,693.6,980.8,693.6,980.8,693.6,693.6,693.6,47.06,111.94,25.646,20,57.041,24,30,1876.7,1876.7,1876.7,1876.4,1876.7,1876.4,1876.7,1876.7,1876.7,58.5,5.15,191.8,1192.1,2,217,77.92,7577.7
28,30.Apr.12,302.64,347.42,30.42,302.64,877.66,594,200.01,67.3,203.14,3351,-51.015,51.015,0,128.86,10,132.48,75,40,0,72,122,165,310,0,0,0,0,0,143.96,143.96,143.96,143.96,143.96,0,211.05,0,211.05,0,215.77,865,2.6308,9.04,22,22.6,52.479,108.18,7.84,41.227,1188.6,41.9,85.793,17.235,1057.8,5.555,278.8,104.5,73.766,16.301,140,1.9265,65,50.9,100.29,900,900,90,900,900,900,0,900,900,900,900,900,900,30.598,47.883,107.18,18.414,1.26,188.34,42.466,34.388,110.13,53,36.679,23.77,21.434,7.689,71.85,6.337,53.44,143.96,14,4,738.99,19,2060.6,57,211.05,16,850,662.47,773.13,845.83,750,888.37,430,850,193.72,8.76,3283,3283,3283,3283,3283,3283,3283,3283,3283,0,0,175.2,12.809,1645.4,3.109,65.996,55.996,10,0,6.143,48.547,50.4,4552.1,0,4552.1,4552.1,4552.1,4552.1,4552.1,4552.1,4552.1,4552.1,0,0,8.64,107.43,1410.4,877.66,877.66,881.78,954.75,877.66,954.75,877.66,877.66,877.66,532.7,561.5,557.4,633.7,561.5,640.3,561.5,561.5,561.5,54.25,140,62.69,20,57.041,24,30,2149.3,2149.3,2149.3,2149.3,2149.3,2149.3,2149.3,2149.3,2149.3,62.5,7.01,257.06,1285.2,2,240,90.93,8479.1
29,31.May.12,215.77,345.5,79.14,215.77,653.81,590.44,200.01,107.18,295.52,3351,-58.596,58.596,0,172.61,10,193.9,75,40,0,72,122,165,315,0,0,0,0,0,155.23,155.23,155.23,155.23,155.23,0,326.26,0,326.26,0,173.08,904,5.0455,9.55,21.025,22.6,59.606,93.95,12.73,58.78,1151.7,41.5,91.5,22.338,1015.1,5.555,254.37,103,71.739,43.425,138,1.943,65,50.491,83.47,938.49,967,0,967,938.49,938.49,0,930.97,938.49,930.43,938.49,938.49,938.49,49.426,45.346,126.25,20.632,1.26,207.59,43.994,40.656,95.93,64.059,37.075,23.77,30.712,3.201,78.66,6.912,69.556,155.23,14,5.4,761.99,20,1992.3,54.374,326.26,15,0,0,0,0,0,0,0,847.4,184.11,8.76,3315.1,3284.4,3284.4,3270.9,3315.1,3268.6,3315.1,3315.1,3315.1,0,30.744,198.06,18.163,1624.2,9.159,65.996,55.996,10,0,6.143,47.278,50.4,4436.3,0,4436.3,4436.3,4405.8,4436.3,4403.6,4436.3,4436.3,4436.3,0,0,8.64,141.9,1016.3,653.81,653.81,653.81,694.6,653.81,694.6,653.81,653.81,653.81,362.5,419.9,419.9,435.6,419.9,435.6,419.9,419.9,419.9,55.32,159.47,75.912,20,57.041,24,32,2219.2,2219.2,2219.2,2219.2,2219.2,2219.2,2219.2,2219.2,2219.2,67,7.24,264.2,1331.8,2.031,240,114.27,8247.8
30,30.Jun.12,215.77,345.5,160.19,215.77,406.31,572.35,200.01,126.25,333.84,3351,-31.596,31.596,0,157.59,112,172.61,75,40,0,72,122,165,315,0,0,0,0,0,153.93,153.93,153.93,153.93,153.93,0,306.02,0,306.02,0,120.62,902,5.063,9.39,19.456,21.543,61.324,69.38,15.07,64.302,1105.5,42.2,86.2,22.338,962.6,5.555,242.28,87.54,68.683,57.395,132,1.943,65,49.301,65.59,822.36,967,322.41,967,822.36,822.36,0,780.42,822.36,781.25,822.36,822.36,822.36,44.615,41.677,113.2,20.713,1.26,192.39,37.168,37.992,80.76,59.345,35.411,23.77,32.968,3.201,78.78,6.6018,62.167,153.93,14,4.3,692.18,20,1910.4,50.326,306.02,10,0,0,0,0,0,0,0,767.63,171.03,8.76,3104.6,3078.3,3063.5,3055.8,3104.6,3054.2,3104.6,3104.6,3104.6,0,57.035,198.06,17.856,1501.5,10.495,65.996,55.996,10,0,6.143,42.277,50.4,3998.6,0,3998.6,3998.6,3853.2,3998.6,3856.1,3998.6,3998.6,3998.6,0,0,7.9603,124.63,608.5,406.31,406.31,406.31,466.08,406.31,466.08,406.31,406.31,406.31,202.1,187.3,202.1,202.4,202.1,209.8,202.1,202.1,202.1,48.99,155.85,74.823,18.995,57.041,24,32,2242.9,2242.9,2242.9,2242.9,2242.9,2242.9,2242.9,2242.9,2242.9,67,7.04,233.15,1306.2,2,240,145.1,7470.1
31,31.Jul.12,215.77,345.5,0,215.77,204.61,550.2,200.01,113.2,305.59,3351,-4.519,4.519,0,132.66,94,138.4,75,40,0,72,122,165,315,0,0,0,0,0,160,160,160,160,160,0,191.98,0,191.98,0,70.03,867,3.6,8.59,17.962,19.969,60.363,55.27,13.18,62.688,1057.2,42.1,76.7,18.413,912,5.555,224.2,70,65.057,58.259,128,1.8536,65,47.911,41.12,636.67,785.88,203.3,795.12,636.67,636.67,0,635.48,636.67,636.67,636.67,636.67,636.67,35.574,38.081,97.08,20.037,1.26,166.08,29.446,35.335,65.5,51.857,32.235,23.77,34.062,3.201,75.55,6.3033,54.778,160,14,2.4,589.88,21,1812,45.748,191.98,6,0,0,0,0,0,0,0,704.1,156.58,8.76,2439.8,2480,2480,2478.5,2439.8,2480,2439.8,2439.8,2439.8,0,16.764,198,15.43,1339.1,9.678,65.996,55.996,10,0,5.648,39.224,38.3,3321.3,0,3321.3,3321.3,3318,3321.3,3321.3,3321.3,3321.3,3321.3,0,0,6.6359,98.6,520.9,204.61,204.61,204.61,204.61,204.61,204.61,204.61,204.61,204.61,316.3,277.1,277.1,277.1,316.3,277.1,316.3,316.3,316.3,39.08,146.9,60.559,17.474,57.041,24,32,2147.5,2147.5,2147.5,2147.5,2147.5,2147.5,2147.5,2147.5,2147.5,67,5.75,202.1,1235.2,2.015,240,145.99,6310
32,31.Aug.12,215.77,345.5,0,215.77,69.26,530.16,200.01,97.08,263.16,3351,0,0,0,107.28,76,116.33,75,40,0,72,122,165,315,0,0,0,0,0,160,160,160,160,160,0,140.99,0,140.99,0,28.29,832,1.7,7.45,16.173,18.9,58.583,31.17,9.97,51.168,1015.9,41.6,68.4,14.376,870.3,5.555,213.86,57.22,61.571,48.595,122,1.6948,65,46.206,19.12,532.31,593.82,90,602.86,532.31,532.31,0,532.13,532.31,532.31,532.31,532.31,532.31,25.622,33.958,80.5,19.5,1.26,136.89,22.159,32.932,50.19,44.158,28.923,23.77,27.732,3.201,69.63,6.043,47.389,160,14,1.3,497.57,22,1733.5,41.718,140.99,4,0,0,0,0,0,0,0,650.36,143.61,8.76,1901.9,1918.6,1918.6,1918.3,1901.9,1918.6,1901.9,1901.9,1901.9,0,0,194.3,13.04,1195.2,8.86,65.996,55.996,10,0,4.017,35.927,38.3,2978.9,0,2978.9,2978.9,2978.3,2978.9,2978.9,2978.9,2978.9,2978.9,0,0,5.5928,79.55,509.5,69.26,69.26,69.26,69.26,69.26,69.26,69.26,69.26,69.26,440.3,412.9,412.9,412.9,440.3,412.9,440.3,440.3,440.3,27.83,134.47,50.561,16.155,57.041,24,30,1925.7,1925.7,1925.7,1925.7,1925.7,1925.7,1925.7,1925.7,1925.7,67,2.95,171.05,1161.9,2.004,240,136.21,5506.2
33,30.Sep.12,215.77,345.5,0,215.77,92.68,518.68,200.01,80.5,217.4,3351,0,0,0,81.78,58,100,75,40,0,72,122,165,315,0,0,0,0,0,157.91,157.91,157.91,157.91,157.91,0,179.92,0,179.92,0,3.55,787,0,6.08,14.616,17.6,52.688,20,7.17,45.392,990,39.9,60.4,13.785,845.6,5.1303,210.78,52.34,58.875,35.6,118,0.07,65,42.832,10,491.9,493.85,90,500.8,498.29,498.29,0,498.29,498.29,498.29,491.9,491.9,491.9,16.961,32.28,64.2,15.016,1.26,110.95,14.421,30.529,37.02,36.673,26.367,23.77,19.565,3.201,60.89,5.8409,40,157.91,14,1.5,435.16,20,1701.1,39.42,179.92,3,0,0,0,0,0,0,0,623.52,135.61,8.76,1710.2,1710.2,1710.2,1710.8,1710.2,1710.2,1710.2,1710.2,1710.2,0,0,189.9,10.515,1117,7.006,61.159,56.728,4.431,0,2.3077,29.144,30,2837.9,0,2943.7,2943.7,2943.7,2943.7,2943.7,2837.9,2837.9,2837.9,0,0,3.9936,62.21,504.5,92.68,92.68,92.68,93.38,92.68,92.68,92.68,92.68,92.68,411.9,411.9,411.9,411.9,411.9,411.9,411.9,411.9,411.9,22.2,119.47,45.897,15.196,57.041,24,27,1694.5,1727.9,1727.9,1727.9,1727.9,1727.9,1694.5,1694.5,1694.5,63.5,1.58,144.35,1084.5,2.007,235,116.46,5117
34,31.Oct.12,215.77,345.5,0,215.77,188.92,510.37,200.01,64.2,175.15,1710.2,0,0,0,59.2,40,70.08,75,30,0,71,122,165,305,0,0,0,0,0,153.45,153.45,153.45,153.45,153.45,0,138.38,0,138.38,0,-5.2,743,0.0753,5.01,13.883,16.6,41.8,20,5.42,38.551,972.3,38.5,55.6,13,836.8,5.555,231.27,76.79,56.899,23.4,118,0.07,65,34.446,9.86,429.74,425.64,411,431.81,429.74,429.74,0,429.74,429.74,429.74,429.74,429.74,429.74,9.795,31.593,50,12.687,1.26,106.64,6.751,30,28.71,36.117,23.692,23.77,13.325,3.201,47,4.9,39.282,153.45,14,1.5,377.34,17,1685.6,38.687,138.38,3,0,0,0,0,0,0,0,595.71,131.56,8.76,1596.1,1596.1,1596.1,1596.1,1596.1,1596.1,1596.1,1596.1,1596.1,0,0,161.1,6.486,1088.7,5.246,65.996,55.996,10,0,1.8753,30.703,28.4,2918.9,0,2918.9,2918.9,2918.9,2918.9,2918.9,2918.9,2918.9,2918.9,0,0,3.0459,45.88,612.7,188.92,188.92,188.92,188.92,188.92,188.92,188.92,188.92,188.92,423.8,423.8,423.8,423.8,423.8,423.8,423.8,423.8,423.8,25.98,104.47,32.892,15.046,12.888,24,13,1508.7,1508.7,1508.7,1508.7,1508.7,1508.7,1508.7,1508.7,1508.7,57,1.38,140,1020,2.003,217,98.71,5046.3
35,30.Nov.12,215.77,345.5,0,215.77,304.47,511.06,200.01,50,156.64,1710.2,0,0,0,44.29,30,51.14,75,25,0,70,122,165,295,0,0,0,0,0,150.19,150.19,150.19,150.19,150.19,0,135,0,135,0,15.78,741,0,4.51,13.825,16.2,34.588,28.91,5,34.287,1002.7,37.9,55.1,13.187,857.8,5.555,227.96,103,56.183,18.223,122,0.07,65,37.696,9.99,446.42,440.31,331.15,448.09,446.42,446.42,0,446.42,446.42,446.42,446.42,446.42,446.42,13.315,32.204,50,12.687,1.26,100,7.126,30,35.34,40.088,22.693,23.77,8.697,3.201,44.82,4.4326,40,150.19,14,1.9,368.98,15,1713.7,40.081,135,4,0,0,0,0,0,0,0,650,131.64,8.76,1657.7,1657.7,1657.7,1657.7,1657.7,1657.7,1657.7,1657.7,1657.7,0,0,161.1,4.19,1094.4,3.906,65.996,55.996,10,0,3.1703,31.85,28.4,3117.5,0,3117.5,3117.5,3117.5,3117.5,3117.5,3117.5,3117.5,3117.5,0,0,3.0537,35.59,762.6,304.47,304.47,304.47,304.47,304.47,304.47,304.47,304.47,304.47,458.1,458.1,458.1,458.1,458.1,458.1,458.1,458.1,458.1,18.58,97.23,26.332,15.71,57.041,24,13,1539.5,1539.5,1539.5,1539.5,1539.5,1539.5,1539.5,1539.5,1539.5,57,2.22,140,1009.2,2,206,88.98,5407.9
36,31.Dec.12,215.77,345.5,0,215.77,513.68,553.75,200.01,50,150,1710.2,0,0,0,59.03,20,39.64,75,25,0,70,122,165,282,0,0,0,0,0,143.52,143.52,143.52,143.52,143.52,0,172.68,0,172.68,0,183.45,754,0,4.83,18.243,17.1,36.792,38,4.87,35.863,1166,38.3,58.3,14.466,1025.4,5.555,264.65,104.5,58.829,11.2,128,0.07,65,48.2,21.01,567,567,275,567,567,567,0,567,567,567,567,567,567,22.314,34.185,50,12.687,1.26,100,12.392,30,76.26,53,26.509,23.77,10.699,7.689,64.769,4.0412,40,143.52,14,2,443.21,15,1822.9,46.786,172.68,4,0,0,0,0,0,0,0,725.74,152.1,8.76,2393.1,2393.1,2393.1,2393.1,2393.1,2393.1,2393.1,2393.1,2393.1,0,0,161.1,4.84,1237.5,4.889,65.996,55.996,10,0,5.308,43.718,38.3,3359,0,3359,3359,3359,3359,3359,3359,3359,3359,0,0,3.756,48.33,985.7,513.68,513.68,513.68,524.3,513.68,524.3,513.68,513.68,513.68,472,472,472,726.4,472,726.4,472,472,472,23.77,94.82,33.273,19.345,57.041,24,13,1709.2,1709.2,1709.2,1709.2,1709.2,1709.2,1709.2,1709.2,1709.2,57,2.82,143.17,1058.6,2.006,206,88.69,6148.9
37,31.Jan.13,215.77,345.5,0,215.77,621.16,581.25,200.01,50,150,1710.2,0,0,0,39,10,35,75,25,0,70,122,165,285,0,0,0,0,0,155.83,155.83,155.83,155.83,155.83,0,185.04,0,185.04,0,202.14,772,0,5.2,18.732,17.6,28.453,44.59,4.72,26.894,1179.5,38.4,61.6,14.572,1044.1,5.555,288.15,104.5,63.368,7.6,132,0.07,65,48.2,23.55,567,0,567,567,567,567,0,567,567,567,567,567,567,15.986,34.786,47.18,13.171,1.26,120.23,14.378,29.515,83.51,53,28.15,23.77,8,7.5199,49.05,3.6,39.889,155.83,14,3.1402,463.24,17,1859.4,51.675,185.04,4,0,0,0,0,0,0,0,600,157.29,8.76,2488.3,2488.3,2488.3,2488.3,2488.3,2488.3,2488.3,2488.3,2488.3,0,0,161.1,4.581,1262.4,3.897,65.996,55.996,10,0,5.308,44.411,38.3,3547.7,0,3547.7,3547.7,3547.7,3547.7,3547.7,3547.7,3547.7,3547.7,0,0,3.756,31,1133.7,621.16,621.16,621.16,672.37,621.16,672.37,621.16,621.16,621.16,512.6,512.6,512.6,806,512.6,806,512.6,512.6,512.6,25.16,94.82,21.217,20,57.041,24,18,1756.1,1756.1,1756.1,1756.1,1756.1,1756.1,1756.1,1756.1,1756.1,57,3.08,162.17,1071.3,2,206,103.18,6492
38,28.Feb.13,215.77,345.5,0,215.77,689.66,588.57,200.01,50,150,1710.2,0,0,0,28.8,10,42.1,75,25,0,70,122,165,290,0,0,0,0,0,155.81,155.81,155.81,155.81,155.81,0,194.69,0,194.69,0,202.99,790,0,5.93,18.811,18.6,24.7,59.16,5.39,25.773,1179.7,38.4,64.891,14.681,1045,5.555,289.47,103,63.808,5.9,138,0.07,65,48.2,24.9,489.39,535.15,90,541.71,489.39,489.39,0,490.25,489.39,489.39,489.39,489.39,489.39,17.581,35.472,44.18,13.285,1.26,149.12,16.462,27.729,85.42,53,29.149,23.77,6.677,3.201,51.484,3.6706,38.288,155.81,14,2.9425,467.07,18,1889,54.305,194.69,4,0,0,0,0,0,0,0,632.75,159.53,8.76,2520.4,2520.4,2520.4,2528.5,2520.4,2520.4,2520.4,2520.4,2520.4,0,0,161.1,3.7,1266.9,2.282,65.996,58.461,7.535,0,5.308,44.617,38.3,3437.3,0,3437.3,3437.3,3446.2,3437.3,3437.3,3437.3,3437.3,3437.3,0,0,3.756,22.13,1101.9,689.66,689.66,689.66,689.66,689.66,689.66,689.66,689.66,689.66,412.3,412.3,412.3,412.3,412.3,412.3,412.3,412.3,412.3,35.88,94.82,25.735,20,57.041,24,25,1794.6,1794.6,1794.6,1794.6,1794.6,1794.6,1794.6,1794.6,1794.6,57,3.49,178.74,1107.8,2,206,94.7,6411
39,31.Mar.13,215.77,345.5,0,215.77,706.21,604.6,200.01,50,150,1710.2,-7.609,7.609,0,42.82,10,62.68,75,35,0,70,122,165,300,0,0,0,0,0,148.84,148.84,148.84,148.84,148.84,0,135,0,135,0,208.23,821,0.6,7.48,19.041,20.6,32.831,56.63,5.16,31.57,1179.5,40.8,72.84,15.749,1050.2,5.555,295.5,104.5,63.575,4.6,142,0.5169,65,48.2,25.99,517.45,514.82,90,518.24,517.45,517.45,0,517.45,517.45,517.45,517.45,517.45,517.45,23.07,37.328,49.2,14.625,1.26,178.89,18.865,29.179,87.44,53,30.801,23.77,10.988,3.201,59.803,4.2296,43.251,148.84,14,3.0328,479.23,18,1914.8,55.307,135,9,0,0,0,0,0,0,0,689.93,161.22,8.76,2715.2,2715.2,2715.2,2715.2,2715.2,2715.2,2715.2,2715.2,2715.2,0,0,167.1,5.346,1300,2.794,65.996,60.612,5.384,0,5.308,47.758,47.454,3646,0,3646,3646,3646,3646,3646,3646,3646,3646,0,0,3.756,31.83,1113.7,706.21,706.21,706.21,747.75,706.21,754.96,706.21,706.21,706.21,407.5,407.5,407.5,407.5,407.5,407.5,407.5,407.5,407.5,47.06,103.27,44.202,20,57.041,24,30,1881.3,1881.3,1881.3,1881.3,1881.3,1881.3,1881.3,1881.3,1881.3,58.5,5.15,210.94,1177.3,2,217,93.69,6751
40,30.Apr.13,215.77,263.29,-6.39,215.77,605.87,608.62,216.45,50,150,1710.2,-35.174,35.174,0,99.06,10,120.19,75,40,0,72,122,165,310,0,0,0,0,0,155.39,155.39,155.39,155.39,155.39,0,179.24,0,179.24,0,176.83,865,2.7763,9.04,18.628,22.354,50.572,44.24,7.84,41.227,1178.8,41.9,83.39,19.588,1018.8,5.555,293.42,103,67.268,15.888,140,1.943,65,48.688,26.43,560.62,560.46,90,561.4,560.62,560.62,0,560.62,560.62,560.62,560.62,560.62,560.62,36.435,37.951,64.27,16.268,1.26,206.04,20.873,36.43,74.55,53,31.548,23.77,21.142,3.201,67.37,5.0807,55.64,155.39,14,4,525.16,19,1885.8,54.211,179.24,16,723.95,460.36,528.97,606.35,689.93,669.69,430,734.16,157.25,8.76,2864.1,2864.1,2864.1,2864.1,2864.1,2864.1,2864.1,2864.1,2864.1,0,0,175.2,13.823,1328.6,3.073,65.996,61.844,4.152,0,6.143,47.994,50.4,3760.3,0,3760.3,3737.5,3737.4,3760.3,3737.5,3760.3,3760.3,3760.3,0,0,8.64,77.92,910,605.87,605.87,609.58,630.32,605.87,632.9,605.87,605.87,605.87,304.1,320.4,316.7,327.9,320.4,329.3,320.4,320.4,320.4,54.25,126.93,62.69,20,57.041,24,30,1985.5,1985.5,1985.5,1985.5,1985.5,1985.5,1985.5,1985.5,1985.5,62.5,7.01,246.49,1261.6,2.006,240,100.82,6912.3
41,31.May.13,199.04,253.43,64.51,176.83,479.38,584.59,216.45,64.27,270.31,1710.2,-41.781,41.781,0,136.16,10,193.9,75,40,0,72,122,165,315,0,0,0,0,0,154.74,154.74,154.74,154.74,154.74,0,241.74,0,241.74,0,132.99,898.8,5.063,9.55,16.936,21.99,58.014,35.43,12.73,48.522,1157.7,41.5,87.369,22.338,975,5.555,257.94,87.4,67.186,43.08,138,1.943,65,48.196,25.8,535.87,565.63,0,565.48,535.87,535.38,0,532.25,535.87,531.69,535.87,535.87,535.87,45.826,35.762,71.35,16.908,1.26,207.59,21.621,40.517,59.69,54.859,31.485,23.77,29.138,3.201,68.366,5.1046,69.556,154.74,14,5.4,539.03,20,1830.6,50.764,241.74,15,0,0,0,0,0,0,0,680.89,146.01,8.76,2672.1,2672.1,2675.9,2518.7,2672.1,2536.9,2672.1,2672.1,2672.1,0,0,188.65,18.17,1335.6,9.088,58.581,57.501,1.081,0,6.143,45.798,38.3,3332.7,0,3332.7,3329.4,3307.7,3332.7,3303.8,3332.7,3332.7,3332.7,0,0,8.64,107.02,649.2,479.38,479.38,483.21,515.76,479.38,521.59,479.38,479.38,479.38,169.8,200.7,196.9,214.4,200.7,217.5,200.7,200.7,200.7,55.32,139.57,75.912,19.508,57.041,24,32,1799.5,1799.5,1799.5,1799.5,1799.5,1799.5,1799.5,1799.5,1799.5,67,7.24,264.2,1297.4,2.021,240,112.12,6147.5
42,30.Jun.13,199.04,253.43,166.03,176.83,323.99,566.52,216.45,71.35,278.94,1710.2,-14.44,14.44,0,122.89,112,136.16,75,32.494,0,72,116.91,164.04,315,0,0,0,0,0,153.44,153.44,153.44,153.44,153.44,0,220.06,0,220.06,0,75.98,902,5.063,9.39,15.58,20.877,61.662,20,15.07,52.497,1114,42.2,86.2,22.338,918,5.555,247.93,72.81,64.572,58.42,132,1.943,65,38.472,19.14,475.11,547.72,315.85,551.4,475.11,475.11,0,469.32,475.11,472.07,475.11,475.11,475.11,38.877,32.179,69.46,16.841,1.26,199.89,21.356,37.888,44.1,50.938,29.301,23.77,32.014,3.201,68.703,4.8527,62.167,153.44,14,4.3,475.19,20,1748.9,47.026,220.06,10,0,0,0,0,0,0,0,624.37,133,8.76,2376.3,2376.3,2376.3,2140.9,2376.3,2121.1,2376.3,2376.3,2376.3,0,0,186.59,17.87,1271,15.1,54.703,50.46,4.243,0,6.143,39.552,38.3,2824.1,0,2824.1,2824.1,2787,2824.1,2804.6,2824.1,2824.1,2824.1,0,0,8.0388,90.87,379,323.99,323.99,323.99,345.97,323.99,345.97,323.99,323.99,323.99,55,55,55,130.8,55,140.1,55,55,55,48.99,135.56,74.823,18.218,57.041,24,32,1580.1,1580.1,1580.1,1580.1,1580.1,1580.1,1580.1,1580.1,1580.1,67,7.04,233.15,1281.9,2,240,121.92,5203.3
43,31.Jul.13,199.04,253.43,0,176.83,192.31,545.23,216.45,69.46,269.35,1710.2,0,0,0,100.4,94,115.26,75,40,0,72,122,165,315,0,0,0,0,0,160,160,160,160,160,0,164.55,0,164.55,0,16.91,867,2.3134,8.59,14.297,19.628,60.399,20,13.18,55.797,1064.3,42.1,76.7,18.413,858.9,5.4,223.11,55.9,61.205,58.287,128,1.8996,65,12.195,13.08,303.19,422,203.98,426.59,303.19,303.19,0,366.89,303.19,372.18,303.19,303.19,303.19,30.877,30,65.69,16.561,1.26,181.24,14.828,35.335,28.51,45.718,25.961,23.77,27.746,3.201,68.136,4.5948,54.778,160,14,2.4,373.49,21,1660.2,42.348,164.55,6,0,0,0,0,0,0,0,557.31,118.51,8.76,1759.1,1759.1,1759.1,1868.2,1759.1,1874,1759.1,1759.1,1759.1,0,0,194.12,15.56,1167.9,14.5,54.083,44.083,10,0,5.648,32.428,38.3,2156.1,0,2156.1,2156.1,2174.6,2156.1,2212.2,2156.1,2156.1,2156.1,0,0,6.7095,72.66,346.5,192.31,192.31,192.31,163.77,192.31,138.37,192.31,192.31,192.31,154.2,145.5,145.5,55,154.2,55,154.2,154.2,154.2,39.08,127.08,60.559,16.516,57.041,24,32,1343.5,1343.5,1343.5,1343.5,1343.5,1343.5,1343.5,1343.5,1343.5,67,5.75,202.1,1215.5,2,240,121.91,3995.1
44,31.Aug.13,199.04,253.43,0,176.83,90,529.13,216.45,65.69,246.93,1710.2,0,0,0,77.66,76,100.2,75,30.36,0,72,116.72,145.03,315,0,0,0,0,0,160,160,160,160,160,0,139.17,0,139.17,0,-3.92,832,0,7.45,12.918,18.769,58.612,20,9.97,51.168,1017.3,41.6,68.4,14.376,838.1,5.3,212.83,42.89,59.267,48.602,122,1.6507,65,5,12.24,247.54,240.53,93.14,246.52,247.54,247.54,0,247.54,247.54,247.54,247.54,247.54,247.54,22.198,29.292,62.05,16.218,1.26,161.59,8.391,32.932,10,40.24,22.674,23.77,19.96,3.201,67.267,4.3615,47.389,160,14,1.3,288.27,22,1605.7,38.541,139.17,4,0,0,0,0,0,0,0,501.8,105.73,6.5,1593,1593,1593,1593,1593,1593,1593,1593,1593,0,0,194.3,13.256,1088.6,12.8,60.375,50.375,10,0,4.017,25.341,22.833,1843.6,0,1843.6,1843.6,1842.4,1843.6,1843.6,1843.6,1843.6,1843.6,0,0,5.6486,57.7,145,90,90,90,90,90,90,90,90,90,55,55,55,55,55,55,55,55,55,27.83,114.63,50.561,14.963,12.888,24,30,1104.2,1104.2,1104.2,1104.2,1104.2,1104.2,1104.2,1104.2,1104.2,67,2.95,171.05,1152.4,2,240,119.71,3285.4
45,30.Sep.13,199.04,253.43,0,176.83,123.31,520.51,216.45,62.05,223.64,1710.2,0,0,0,58,58,77.66,75,20.632,0,44,111.72,122.27,315,0,0,0,0,0,160,160,160,160,160,0,160.44,0,160.44,0,-22.86,787,0,6.08,11.765,17.6,53.198,20,7.17,45.392,997.8,39.9,60.4,13.866,819.1,5.4238,212.61,39.12,57.382,35.6,118,0.07,65,4.851,11.89,224.19,220.69,90,223.11,224.19,224.19,0,224.19,224.19,224.19,224.19,224.19,224.19,13.179,28.979,60,15.016,1.26,115.15,8.279,30.529,9.85,35.269,20.15,23.77,13.326,3.201,60.89,4.1745,40,160,14,1.5,235.93,20,1588.1,37.046,160.44,3,0,0,0,0,0,0,0,476.89,96.58,6.5,1583.3,1583.3,1583.3,1583.3,1583.3,1583.3,1583.3,1583.3,1583.3,0,0,189.9,10.742,1048.4,11.064,61.159,51.924,9.235,0,2.5177,18.617,7.5,1888.3,0,1889.2,1889.2,1889.2,1889.2,1889.2,1888.3,1888.3,1888.3,0,0,3.744,44.67,178.3,123.31,123.13,123.13,125.87,123.31,123.13,123.31,123.31,123.31,55,55,55,55,55,55,55,55,55,22.2,99.69,45.897,13.939,12.888,24,27,946.5,947.7,947.7,947.7,947.7,947.7,946.5,946.5,946.5,63.5,1.58,144.35,1079.9,2.001,235,109.26,3182.3
46,31.Oct.13,199.04,253.43,0,176.83,156,504.73,216.45,60,175.15,1583.3,0,0,0,40,40,52.25,75,10.919,0,44,107.04,110.97,280,0,0,0,0,0,154.47,154.47,154.47,154.47,154.47,0,135,0,135,0,-33.17,743,0,5.01,11.047,16.6,41.8,12.18,5.42,38.551,976.4,38.5,55.6,13,808.8,5.555,225.63,37.42,57.826,23.4,118,0.07,65,4.788,11.75,146.73,143.65,342.16,145.49,146.73,146.73,0,146.73,146.73,146.73,146.73,146.73,146.73,8.75,28.673,56.31,12.687,1.26,113.67,8.119,29.927,9.7,34.396,17.482,23.77,8.287,3.201,47,3.9203,38.99,154.47,14,1.5,177.31,17,1581,35.23,135,3,0,0,0,0,0,0,0,448.03,91.65,6.5,1542.9,1542.9,1542.9,1542.9,1542.9,1542.9,1542.9,1542.9,1542.9,0,0,161.1,6.802,1034.2,9.104,62.357,52.357,10,0,2.1753,19.656,7.5,1829.9,0,1829.9,1829.9,1760.6,1829.9,1760.8,1829.9,1829.9,1829.9,0,0,2.1249,31.71,211,156,156,156,225.65,156,225.52,156,156,156,55,55,55,55,55,55,55,55,55,25.98,84.75,32.892,13.56,12.888,24,13.567,918.2,918.2,918.2,918.2,918.2,918.2,918.2,918.2,918.2,57,1.38,137.91,1018.4,2,217,97.31,3050.8
47,30.Nov.13,199.04,253.43,0,176.83,231.07,486.22,216.45,56.31,169.98,1583.3,0,0,0,30,30,38.33,75,9.8,0,44,102.49,95,280,0,0,0,0,0,147.64,147.64,147.64,147.64,147.64,0,135,0,135,0,-39.75,741,0,4.51,10.888,16.2,34.223,12.13,5,33.413,966.8,37.9,55.1,11.914,802.2,5.555,209.34,33.45,57.838,18,122,0.07,65,4.481,11.7,90,84.33,296.72,90,90,90,0,90,90,90,90,90,90,6.948,28.625,53.03,12.592,1.26,107.61,8.196,29.558,9.63,33.978,16.023,23.77,5.295,3.201,44.82,3.7855,38.255,147.64,14,1.9,163.34,15,1593.2,34.927,135,4,0,0,0,0,0,0,0,416.38,89.9,6.5,1467.1,1467.1,1467.1,1467.1,1467.1,1467.1,1467.1,1467.1,1467.1,0,0,154.88,3.5,1013.1,6.86,65.996,55.996,10,0,1.441,18.152,7.5,1694,0,1694,1694,1660.4,1694,1650.1,1694,1694,1694,0,0,1.6228,24.7,286.1,231.07,231.07,231.07,255.81,231.07,263.39,231.07,231.07,231.07,55,55,55,55,55,55,55,55,55,18.58,75,26.332,13.681,12.888,24,13,904.1,904.1,904.1,904.1,904.1,904.1,904.1,904.1,904.1,57,1.9628,132.07,1005.5,2,206,87.26,2919.2
48,31.Dec.13,199.04,253.43,0,176.83,241.22,469.63,216.45,53.03,160.64,1583.3,3.615,0,3.6153,20,20,30,75,9.8,0,44,94.71,95,280,0,0,0,0,0,140.01,140.01,140.01,140.01,140.01,0,135,0,135,0,-44.28,754,0,4.63,10.701,16.172,30.3,12.43,4.87,29.191,959.1,38.3,55.269,10.749,797.7,5.555,193.14,30.04,57.205,11.2,128,0.07,65,4.206,11.71,90,78.61,275,90,90,90,0,90,90,90,90,90,90,5.167,28.574,41.4,12.402,1.26,68.06,8.536,29.424,9.58,33.437,15.13,23.77,3.3,3.201,44.643,3.5908,37.516,140.01,14,2,146.91,15,1597.9,36.133,135,4,0,0,0,0,0,0,0,384.47,88.67,6.5,1377.2,1377.2,1377.2,1376.9,1377.2,1377.2,1377.2,1377.2,1377.2,0,0,148.48,2.146,1010.3,4.576,58.034,58.034,0,0,0.861,16.363,7.5,1390.5,0,1468.6,1468.6,1467.7,1468.6,1468.6,1390.5,1390.5,1390.5,0,0,1.1156,16.7,296.2,241.22,241.22,241.22,241.22,241.22,241.22,241.22,241.22,241.22,55,55,55,55,55,55,55,55,55,20.105,70,23.514,13.731,12.888,24,13,882.8,882.8,882.8,882.8,882.8,882.8,882.8,882.8,882.8,57,2.1656,126.29,1019.1,2,206,81.61,2604.5
49,31.Jan.14,199.04,241.99,0,176.83,410.37,460.68,216.45,53.03,160.64,1583.3,4.208,0,4.2079,10,10,20,75,9.8,0,44,94.24,159.87,280,0,0,0,0,0,133.81,133.81,133.81,133.81,133.81,0,135,0,135,0,-17.77,772,0,4.87,10.515,16.377,27.7,15.18,4.72,26.894,950.5,38.4,56.038,9.899,824.2,5.555,177.31,26.05,56.35,7.6,132,0.07,65,1.5,11.85,90,0,567,90,90,90,0,90,90,90,90,90,90,3.812,28.66,40.76,12.364,1.26,65.6,8.956,27.691,9.5,33.302,14.907,23.77,3.3,3.201,41.58,3.3985,35.853,133.81,14,1.2146,136.57,17,1600,36.963,135,4,0,0,0,0,0,0,0,352.46,87.91,6.5,1307.2,1307.2,1307.2,1307.2,1307.2,1307.2,1307.2,1307.2,1307.2,0,0,151.37,1.633,966.8,2.102,59.502,59.502,0,0,1.1719,14.858,7.5,1287.1,0,1287.1,1287.1,1287.9,1287.1,1287.1,1287.1,1287.1,1287.1,0,0,0.6838,6.7,465.4,410.37,410.37,410.37,410.37,410.37,410.37,410.37,410.37,410.37,55,55,55,55,55,55,55,55,55,25.16,64.79,21.217,13.873,12.888,24,18,700,700,700,700,700,700,700,700,700,57,2.6504,126.19,1039.7,2,206,76.66,2487.5
50,28.Feb.14,199.04,241.99,0,176.83,489.82,455.49,216.45,53.03,160.64,1583.3,0,0,0,22.21,10,24.27,75,25,0,70,122,165,290,0,0,0,0,0,128.17,128.17,128.17,128.17,128.17,0,135,0,135,0,8.7,790,0,5.93,11.698,17.655,24.7,20,5.39,25.773,975.9,38.4,61.369,10.284,850.7,5.555,163.39,62.57,56.052,5.9,138,0.07,65,5.159,12.22,201.55,191.41,90,200.12,201.55,201.55,0,201.55,201.55,201.55,201.55,201.55,201.55,7.277,29.141,43.12,14.068,1.26,96.21,9.6,28.22,13.57,37.108,16.301,23.77,5.107,4.6262,46.686,4,42.606,128.17,14,1.4,129.97,18,1619.9,37.484,135,4,0,0,0,0,0,0,0,423.81,92.1,6.5,1469.1,1469.1,1469.1,1469.1,1469.1,1469.1,1469.1,1469.1,1469.1,0,0,154.1,2.482,944.2,1.78,65.996,56.9,9.096,0,2.5452,22.256,7.5,1433.8,0,1433.8,1433.8,1433.8,1433.8,1433.8,1433.8,1433.8,1433.8,0,0,0.7349,17.1,601.3,489.82,489.82,489.82,511.84,489.82,511.84,489.82,489.82,489.82,111.5,111.5,111.5,95.2,111.5,128.4,111.5,111.5,111.5,35.88,66.28,39.927,15.585,12.888,24,25,700,700,700,700,700,700,700,700,700,57,3.49,155.3,1081.7,2,206,74.19,2825.2
51,31.Mar.14,199.04,241.99,0,176.83,626.76,457.6,216.45,53.03,160.64,1583.3,-13.925,13.925,0,45.67,10,47.68,75,35,0,70,122,165,300,0,0,0,0,0,118.38,118.38,118.38,118.38,118.38,0,135,0,135,0,19.84,755,0.62,7.48,13.317,19.653,28.512,32.48,5.16,31.57,980.2,40.8,70.504,10.72,861.8,5.555,148.5,92.58,56.749,4.6,142,0.2907,65,5,12.52,300,296.97,90,300.5,300,300,0,300,300,300,300,300,300,12.12,29.331,49.42,15.016,1.26,121.92,10.737,29.856,20.11,42.986,18.19,23.77,8.359,3.201,58.402,4.7856,48.044,118.38,14,1.3077,110.39,18,1630.4,37.651,135,7,0,0,0,0,0,0,0,524.59,96.66,8.3421,1817.2,1817.2,1817.2,1817.2,1817.2,1817.2,1817.2,1817.2,1817.2,0,0,167.1,3.412,940.3,2.411,65.996,55.996,10,0,4.6561,30.291,28.751,1843.3,0,1843.3,1843.3,1843.3,1843.3,1843.3,1843.3,1843.3,1843.3,0,0,1.8608,37.31,856.2,626.76,626.76,626.76,690.85,626.76,690.85,626.76,626.76,626.76,229.5,229.5,229.5,237.1,229.5,249.2,229.5,229.5,229.5,47.06,73.78,62.69,17.027,57.041,24,30,807.5,807.5,807.5,807.5,807.5,807.5,807.5,807.5,807.5,58.5,5.15,182.93,1089.2,2,217,78.58,3577.5
52,30.Apr.14,199.04,203.65,140.61,176.83,555.24,451.3,184.74,53.03,160.64,1583.3,-45.422,45.422,0,100.83,10,108.18,75,40,0,72,122,165,310,0,0,0,0,0,117.76,117.76,117.76,117.76,117.76,0,168.64,0,168.64,0,0,786,1.8648,9.04,13.459,20.021,40.187,29.31,7.84,37.957,961,41.9,76.544,13.189,842,5.555,136.44,104.5,57.175,14.54,140,1.3972,65,5,12.65,352.48,376.36,90,379.46,352.48,334.25,0,335.71,352.48,329.21,352.48,352.48,352.48,21.649,29.129,61.96,16.49,1.26,146.48,11.662,35.726,10,51.194,19.142,23.77,16.737,3.201,64.856,5.5552,58.379,117.76,14,3.0804,172.27,19,1606.6,36.067,168.64,8,589.01,457.36,513.31,552.67,524.59,599.83,430,590.49,92.55,8.76,1948.7,1948.7,1948.7,1948.7,1948.7,1948.7,1948.7,1948.7,1948.7,0,0,174.86,9.674,905.8,3.144,65.996,55.996,10,0,5.7712,35.124,38.3,2005.2,0,2005.2,1974,1985.7,2005.2,1933.7,2005.2,2005.2,2005.2,0,0,6.0265,84.09,781.5,555.24,555.24,604.69,555.24,555.24,634.16,555.24,555.24,555.24,226.2,242,242,253.1,242,257.9,242,242,242,54.25,96.73,62.69,17.399,57.041,24,30,824,824,824,824,824,824,824,824,824,62.5,7.01,212.51,1143.6,2,240,91.2,3736.9
53,31.May.14,5.85,203.38,221.84,0,508.97,430.64,184.74,61.96,208.44,1583.3,-53.636,53.636,0,152.43,10,193.9,75,40,0,72,122,165,315,0,0,0,0,0,116.8,116.8,116.8,116.8,116.8,0,256.97,0,256.97,0,-18.65,805.2,3.3081,9.55,10.478,19.275,48.492,20,12.73,44.384,915.6,41.5,78.89,17.935,823.4,5.555,129.68,93.23,55.442,38.148,138,1.943,65,4.953,12.19,356.39,356.81,0,357.36,356.39,356.39,0,356.39,356.39,356.39,356.39,356.39,356.39,30.095,28.584,61.52,17.066,1.26,168.11,11.791,39.466,10,52.63,19.101,16.3,27.774,3.201,66.101,5.5335,69.556,116.8,14,5.4,228.68,20,1540.8,32.464,256.97,8,0,0,0,0,0,0,0,569.6,79.85,8.76,1715.8,1709.8,1709.8,1696.3,1715.8,1695.2,1715.8,1715.8,1715.8,0,6,162.96,16.851,875.6,9.435,60.991,54.726,6.265,0,6.143,32.376,37.286,1700,0,1700,1700,1700,1700,1700,1700,1700,1700,0,0,8.64,124.66,731,508.97,508.97,508.97,536.1,508.97,536.1,508.97,508.97,508.97,222.1,240.6,240.6,255.2,240.6,255.2,240.6,240.6,240.6,55.32,111.67,75.912,16.597,57.041,24,32,700,700,700,700,700,700,700,700,700,67,7.24,230.42,1164.5,2,220.24,107.27,3265.4
54,30.Jun.14,5.85,214.73,319.98,0,364.93,421.07,184.74,61.52,229.63,1583.3,-24.519,24.519,0,131.49,112,152.43,75,40,0,72,122,165,315,0,0,0,0,0,115.67,115.67,115.67,115.67,115.67,0,262.64,0,262.64,0,-33.65,805,3.8961,9.39,6.424,18.463,53.056,20,15.07,46.265,866.1,42.2,78.433,18.704,808.4,5.555,128.01,72.49,52.859,49.99,132,1.943,65,4.569,11.34,230.78,349.22,229.23,351.86,230.78,230.78,0,230.78,230.78,230.78,230.78,230.78,230.78,25.932,27.876,58.65,16.68,1.26,160.78,11.339,37.1,9.98,48.51,16.962,16.3,29.481,3.201,65.946,5.2153,62.167,115.67,14,4.3,230.58,20,1467.2,28.406,262.64,5,0,0,0,0,0,0,0,526.03,66.83,8.76,1399,1405,1405,1401.4,1399,1405,1399,1399,1399,0,0,161.06,16.962,777.1,9.725,50.185,46.348,3.837,0,6.143,26.948,22.547,1320.9,0,1320.9,1320.9,1320.9,1320.9,1320.9,1320.9,1320.9,1320.9,0,0,7.4078,102.01,564.5,364.93,364.93,364.93,364.93,364.93,364.93,364.93,364.93,364.93,199.6,187.7,187.7,187.7,199.6,187.7,199.6,199.6,199.6,48.99,105.17,73.866,15.115,12.888,24,32,634.2,634.2,634.2,628.8,634.2,634.2,634.2,634.2,634.2,67,7.04,207.82,1150.9,2,180,115.71,2550.9
55,31.Jul.14,5.85,214.73,0,0,213.89,418.46,184.74,58.65,219.43,1583.3,0,0,0,105.5,94,120.99,75,40,0,72,122,165,315,0,0,0,0,0,126.64,126.64,126.64,126.64,126.64,0,195.26,0,195.26,0,-57.04,775,0,8.59,2.323,17.693,51.651,20,13.18,48.088,807.3,42.1,76.7,18.029,785,5.4,121.71,54.4,49.862,54.242,128,1.8301,65,3.977,10.33,145.65,169.69,128.1,173.43,145.65,145.65,0,144.97,145.65,145.65,145.65,145.65,145.65,20.609,26.992,55.53,16.208,1.26,145.96,5.766,35.335,9.83,43.764,15.481,16.3,29.082,3.201,65.562,4.95,54.778,126.64,14,2.4,221.11,21,1393.7,24.103,195.26,3,0,0,0,0,0,0,0,471.28,52.96,6.5,1085.9,1070.1,1070.1,1067.1,1085.9,1070.1,1085.9,1085.9,1085.9,0,15.801,168.76,14.817,653.8,10.437,50.185,40.185,10,0,5.648,20.329,7.951,854.8,0,854.8,854.8,851,854.8,854.8,854.8,854.8,854.8,0,0,6.203,76.41,373.3,213.89,213.89,213.89,213.89,213.89,213.89,213.89,213.89,213.89,159.4,159.4,159.4,159.4,159.4,159.4,159.4,159.4,159.4,39.08,97.33,54.388,12.996,12.888,24,32,596.2,596.2,596.2,596.2,596.2,596.2,596.2,596.2,596.2,67,5.75,185.21,1101.6,2,183.12,113.08,1810.5
56,31.Aug.14,5.85,214.73,0,0,90,417.15,184.74,55.53,201.49,1583.3,0,0,0,82.46,76,102.75,75,40,0,72,122,165,315,0,0,0,0,0,137.66,137.66,137.66,137.66,137.66,0,155.09,0,155.09,0,-84.36,734,0,7.45,0.47,17.322,53.758,13.39,9.97,50.155,766.1,41.6,68.4,14.376,757.6,2.7575,119.07,39.93,47.557,47.971,122,1.6026,65,1.5,10,90,83.7,90,90,90,90,0,90,90,90,90,90,90,15.396,26.317,52.48,15.823,1.26,129.06,5.58,32.932,9.59,39.139,13.513,23.77,21.22,3.201,64.827,4.7083,47.389,137.66,14,1.3,207.9,22,1336.5,20.705,155.09,2,0,0,0,0,0,0,0,426.3,41.17,6.5,900.2,883.5,883.5,881.3,900.2,883.5,900.2,900.2,900.2,0,32.524,176.07,12.512,561.5,10.05,50.185,40.185,10,0,4.017,14.52,7.5,559.1,0,559.1,559.1,555.8,559.1,559.1,559.1,559.1,559.1,0,0,5.2003,61.24,214.1,90,90,90,90,90,90,90,90,90,124.1,124.1,124.1,124.1,124.1,124.1,124.1,124.1,124.1,27.83,89.36,42.467,12.096,12.888,24,30,526.5,526.5,526.5,526.5,526.5,526.5,526.5,526.5,526.5,67,2.95,162.61,1033.9,2,186.44,109.69,1265.5
57,30.Sep.14,5.85,214.73,0,0,148.08,421.63,184.74,52.48,181.55,1583.3,0,0,0,58.16,58,82.46,75,40,0,72,122,165,315,0,0,0,0,0,138.52,138.52,138.52,138.52,138.52,0,135,0,135,0,-106.73,682,0,6.08,0.47,16.953,51.057,8.01,7.17,45.392,741.9,39.9,60.4,13.862,735.3,4.7494,118.41,35.75,45.719,35.6,118,0.07,65,1.5,9.8,90,76.33,90,90,90,90,0,90,90,90,90,90,90,11.243,25.818,41.3,15.016,1.26,84.18,5.427,30.529,9.57,34.614,11.418,16.3,13.367,3.201,60.89,4.517,40,138.52,14,1.5,198.81,20,1317.3,18.804,135,1,0,0,0,0,0,0,0,401.28,33.01,6.5,887.8,887.8,887.8,887.8,887.8,887.8,887.8,887.8,887.8,0,32.524,185.22,9.924,512.6,8.346,50.185,40.185,10,0,2.1477,14.52,7.131,550,0,550,550,550,550,550,550,550,550,0,0,3.622,44.79,298.3,148.08,148.08,148.08,116.15,148.08,148.08,148.08,148.08,148.08,150.3,138.4,138.4,112.3,150.3,138.4,150.3,150.3,150.3,22.2,79.77,29.502,11.027,12.888,24,27,391.6,391.6,391.6,391.6,391.6,391.6,391.6,391.6,391.6,63.5,1.58,144.35,957,2.001,180,106.75,1179.7
58,31.Oct.14,5.85,214.73,0,0,167.24,416.21,184.74,41.3,125.48,887.8,0,0,0,40,40,52.37,75,38.295,0,71,122,165,305.13,0,0,0,0,0,128.59,128.59,128.59,128.59,128.59,0,135,0,135,0,-106.5,651,0,5.01,0.197,16.6,41.8,4.03,5.42,38.551,721.8,38.5,55.6,13,735.5,4.6,137.11,30.64,44.303,23.4,118,0.07,65,1.5,9.65,90,77.64,261.78,90,90,90,0,90,90,90,90,90,90,8.75,25.442,40.66,12.687,1.26,58.13,5.32,29.907,9.66,34.066,9.133,16.3,8.287,3.201,47,4.2555,39.064,128.59,14,1.5,167.83,17,1303,17.406,135,1,0,0,0,0,0,0,0,375.1,28.67,6.5,863.7,863.7,863.7,863.7,863.7,863.7,863.7,863.7,863.7,0,32.524,161.1,6.045,497.4,6.578,45.004,43.353,1.651,0,1.1653,14.52,7.5,550,0,550,550,550,550,550,550,550,550,0,0,2.1249,31.71,349.3,167.24,167.24,167.24,225.68,167.24,222.13,167.24,167.24,167.24,182.1,182.1,182.1,186.1,182.1,184.6,182.1,182.1,182.1,25.98,68.81,32.892,10.641,12.888,24,13.467,337.5,337.5,337.5,283.9,337.5,285.5,337.5,337.5,337.5,57,1.38,138.47,906.6,2.001,180,96.65,1144.7
59,30.Nov.14,5.85,214.73,0,0,248.65,408.22,184.74,40.66,98.79,887.8,0,0,0,30,30,38.33,75,36.867,0,70,122,165,298.25,0,0,0,0,0,119.09,119.09,119.09,119.09,119.09,0,135,0,135,0,9.09,656,0,4.51,0.334,16.2,34.108,4.45,5,33.413,714.7,37.9,55.1,12.341,851.1,5.1454,125.12,26.76,43.408,17.93,122,0.07,65,1.5,9.67,90,69.04,256.06,90,90,90,0,90,90,90,90,90,90,7.687,25.371,40.25,12.687,1.26,55.5,5.254,30,10,34.228,7.647,9.626,5.295,3.201,44.82,3.9,40,119.09,14,1.9,155.69,15,1312.6,16.79,135,1,0,0,0,0,0,0,0,357.82,27.11,6.5,858.8,858.8,858.8,857.9,858.8,849.6,858.8,858.8,858.8,0,32.524,161.1,3.5,486.3,4.795,51.432,46.457,4.975,0,0.596,14.52,7.5,550,0,550,550,550,550,550,550,550,550,0,0,1.7314,24.7,429.6,248.65,248.65,248.65,252.45,248.65,256.49,248.65,248.65,248.65,181,181,181,181,181,185.7,181,181,181,18.58,64.6,26.332,10.955,12.888,24,13,240,240,240,240,240,240,240,240,240,57,1.9429,140,899,2,180,86.93,1128.7
60,31.Dec.14,5.85,214.73,0,0,500.49,426.04,184.74,40.25,95.75,887.8,2.991,0,2.9907,21.37,20,30,75,35.785,0,70,122,165,292.37,0,0,0,0,0,109.92,109.92,109.92,109.92,109.92,0,147.23,0,147.23,0,14.62,669,0,4.83,1.634,17.1,30.3,46.29,4.87,29.191,837.1,38.3,58.3,12.568,856.6,5.555,136.94,101.74,42.819,11.2,128,0.07,65,33.415,9.87,268.17,255,275,266.78,268.17,268.17,0,268.17,268.17,268.17,268.17,268.17,268.17,10.862,25.688,41.25,12.687,1.26,54.5,5.849,30,38.56,40.377,8.807,23.77,3.3,3.201,50.27,3.9,40,109.92,14,2,157.92,15,1346.7,16.381,147.23,3,0,0,0,0,0,0,0,472.92,36.99,6.5,1296.3,1296.3,1296.3,1296.3,1296.3,1296.3,1296.3,1296.3,1296.3,0,32.524,161.1,3.806,520.2,4.286,65.996,55.996,10,0,3.8069,19.2,38.3,1334,0,1334,1334,1334,1334,1334,1334,1334,1334,0,0,2.328,18.07,852.8,500.49,500.49,500.49,506.62,500.49,506.62,500.49,500.49,500.49,352.3,352.3,352.3,601.1,352.3,601.1,352.3,352.3,352.3,23.77,59.6,23.514,11.873,12.888,24,13,495.3,495.3,495.3,495.3,495.3,495.3,495.3,495.3,495.3,57,2.82,140,932.1,2.002,206,81.96,2598
61,31.Jan.15,5.85,214.73,0,0,538.31,432.4,184.74,40.25,95.75,887.8,2.81,0,2.81,13.08,10,21.37,75,35.396,0,70,122,165,290.98,0,0,0,0,0,122.04,122.04,122.04,122.04,122.04,0,154.04,0,154.04,0,65.56,698.2,0,5.2,1.927,17.6,27.7,49.91,4.72,26.894,837.6,38.4,61.6,12.493,907.6,5.555,139.3,103,44.757,7.6,132,0.07,65,41.689,9.98,273.54,0,567,274.47,273.54,273.54,0,273.54,273.54,273.54,273.54,273.54,273.54,11.966,25.756,38.47,13.359,1.26,65.6,5.474,30.379,40.8,42.531,8.891,23.77,3.3,3.201,49.05,3.6,41.189,122.04,14,1.4001,152.54,17,1348.9,16.038,154.04,4,0,0,0,0,0,0,0,442.12,37.68,8.76,1324,1324,1324,1324,1324,1324,1324,1324,1324,0,0,161.1,3.181,514.3,2.962,65.996,55.996,10,0,3.5175,18.322,38.3,1450.4,0,1450.4,1450.4,1450.4,1450.4,1450.4,1450.4,1450.4,1450.4,0,0,2.1249,9.78,1063,538.31,538.31,538.31,548.09,538.31,538.31,538.31,538.31,538.31,524.7,524.7,524.7,532.7,524.7,524.7,524.7,524.7,524.7,25.16,59.41,21.217,12.046,12.888,24,18,559.1,559.1,559.1,559.1,559.1,559.1,559.1,559.1,559.1,57,3.08,147.39,968.1,2,206,83.89,2821.4
62,28.Feb.15,5.85,214.73,0,0,668.68,436.22,184.74,40.25,95.75,887.8,-5.066,5.066,0,56.89,10,60.87,75,35.346,0,70,122,165,290.85,0,0,0,0,0,121.88,121.88,121.88,121.88,121.88,0,151.29,0,151.29,0,61.05,727,0,5.93,4.913,18.6,24.7,76.44,5.39,25.773,901.3,38.4,68,13.924,903,5.555,137.12,104.5,43.991,5.9,138,0.07,65,48.2,10.28,333.03,326.16,90,334.29,333.03,333.03,0,333.03,333.03,333.03,333.03,333.03,333.03,20.496,26.646,44.81,14.993,1.26,100,6.109,33.548,55.62,53,11.15,23.77,10.71,3.201,53.9,4,52.626,121.88,14,2.2,172.97,18,1422.1,17.796,151.29,4,0,0,0,0,0,0,0,522.77,54.64,8.76,1618.3,1618.3,1618.3,1618.3,1618.3,1618.3,1618.3,1618.3,1618.3,0,0,161.1,5.584,542,3.898,65.996,55.996,10,0,5.308,24.171,38.3,2049.9,0,2049.9,2049.9,2049.9,2049.9,2049.9,2049.9,2049.9,2049.9,0,0,3.756,46.18,1321,668.68,668.68,668.68,713.54,668.68,725.61,668.68,668.68,668.68,652.3,652.3,652.3,768.5,652.3,783.6,652.3,652.3,652.3,35.88,61.62,49.441,13.29,57.041,24,25,834.7,834.7,834.7,834.7,834.7,834.7,834.7,834.7,834.7,57,3.49,175.73,1021.7,2.001,206,84.41,3886.3
63,31.Mar.15,5.85,214.73,0,0,617.51,436.19,184.74,40.25,95.75,887.8,-17.515,17.515,0,72.96,10,74.96,75,35,0,70,122,165,300,0,0,0,0,0,113.92,113.92,113.92,113.92,113.92,0,142.15,0,142.15,0,51.43,752.8,0.62,7.48,5.085,19.277,27.665,75.55,5.16,29.308,894.5,40.8,72,15.254,893.4,5.555,127.09,103,46.454,4.6,142,0.6001,65,48.2,10.28,277.88,273.28,90,277.27,277.88,277.88,0,277.88,277.88,277.88,277.88,277.88,277.88,24.06,26.547,48.05,15.016,1.26,109.86,6.395,34.085,56.78,53,11.521,23.77,12.975,3.201,55.497,3.8639,57.315,113.92,14,2.2,177.2,18,1413.1,20.266,142.15,7,0,0,0,0,0,0,0,534.81,54.02,6.5,1597.3,1597.3,1597.3,1597.3,1597.3,1597.3,1597.3,1597.3,1597.3,0,0,167.1,6.5,513.9,3.228,63.545,53.545,10,0,3.926,27.344,44.445,2050.6,0,2050.6,2050.6,2055.6,2050.6,2050.6,2050.6,2050.6,2050.6,0,0,3.756,59.98,1240.2,617.51,617.51,617.51,617.51,617.51,617.51,617.51,617.51,617.51,622.7,622.7,622.7,622.7,622.7,622.7,622.7,622.7,622.7,41.31,65.57,54.838,13.745,53.022,24,30,867.9,867.9,867.9,867.9,867.9,867.9,867.9,867.9,867.9,58.5,5.15,186.07,1065.7,2,217,95.4,3813.8
64,30.Apr.15,5.85,175.83,162.02,0,555.37,433.62,187.1,40.25,95.75,887.8,-41.841,41.841,0,87.02,10,92.22,75,40,0,72,122,165,310,0,0,0,0,0,113.31,113.31,113.31,113.31,113.31,0,135,0,135,0,15.78,774,1.952,9.04,4.884,19.419,29.287,57.42,7.84,31.003,857.9,41.9,74.715,14.558,857.8,5.555,118.42,98.55,45.087,9.938,140,1.2552,65,48.278,10.18,227.99,226.6,90,227.3,227.99,227.99,0,227.99,227.99,227.99,227.99,227.99,227.99,26.932,26.422,50.8,15.252,1.26,119.87,6.585,35.896,42.61,53,12.206,23.77,14.814,3.201,46.906,3.741,62.662,113.31,14,3,181.29,19,1359.1,19.766,135,8,540.1,420.25,451.95,496.96,534.81,526.07,408.98,538.45,49.7,6.5,1596.8,1596.8,1596.8,1596.8,1596.8,1596.8,1596.8,1596.8,1596.8,0,0,175.2,9.311,440.8,3.199,63.882,53.882,10,0,4.321,26.875,45.65,2023.8,0,2023.8,2023.2,1995.6,2023.8,2008.2,2023.8,2023.8,2023.8,0,0,5.5268,72.2,1138.9,555.37,555.37,556.93,569.64,555.37,571,555.37,555.37,555.37,583.6,583.6,583.6,572.2,583.6,583.6,583.6,583.6,583.6,54.25,68.31,55.365,13.455,34.843,24,30,868.8,868.8,868.8,868.8,868.8,868.8,868.8,868.8,868.8,62.5,7.01,197.4,1095,2,240,98.95,3676
65,31.May.15,37.12,158.62,239.51,15.78,506.34,422.76,187.1,50.8,170.66,887.8,-41.114,41.114,0,98.53,10,193.9,75,40,0,72,122,165,315,0,0,0,0,0,112.37,112.37,112.37,112.37,112.37,0,135,0,135,0,-1.34,790.1,3.7587,9.55,2.029,19.221,32.063,40,12.73,34.686,814.5,41.5,75.629,17.082,840.7,5.555,116.89,79.7,43.486,28.237,138,1.943,65,47.741,9.96,177.31,176.34,0,176.82,177.31,177.31,0,177.31,177.31,177.31,177.31,177.31,177.31,28.746,26.211,53.2,15.359,1.26,123.76,6.643,38.033,10,51.081,12.666,23.77,19.581,3.201,47.6,3.6628,69.556,112.37,14,4.4784,193.12,20,1290.5,16.55,135,8,0,0,0,0,0,0,0,500.43,41.37,6.5,1399.2,1393.2,1393.2,1394.7,1399.2,1393.2,1399.2,1399.2,1399.2,0,6,167.86,13.983,395.9,8.741,50.185,50.185,0,0,4.6019,23.472,39.531,1655.3,0,1655.3,1644.8,1634,1655.3,1631.7,1655.3,1655.3,1655.3,0,0,6.9373,78.95,1019.1,506.34,506.34,516.88,529.95,506.34,529.95,506.34,506.34,506.34,512.8,512.8,512.8,512.8,512.8,512.8,512.8,512.8,512.8,55.078,76,67.326,12.904,12.888,24,32,624.5,624.5,624.5,624.5,624.5,624.5,624.5,624.5,624.5,67,7.24,208.87,1111.4,2,232.89,100.89,2963.4
66,30.Jun.15,37.12,171.74,327.86,15.78,363.22,408.27,187.1,53.2,176.96,887.8,-17.917,17.917,0,86,112,98.53,75,40,0,72,122,165,315,0,0,0,0,0,111.25,111.25,111.25,111.25,111.25,0,135,0,135,0,-17.35,802,4.3152,9.39,0,18.449,32.593,20,15.07,36.584,764.6,42.2,75.293,17.875,824.6,5.555,118.43,59.9,41.414,45.127,132,1.943,65,41.106,9.78,151.33,149.64,528.87,150.88,151.33,151.33,0,151.33,151.33,151.33,151.33,151.33,151.33,26.981,25.46,52.57,15.077,1.26,120.9,6.422,36.025,10,47.413,12.09,23.77,20.682,3.201,47.604,3.3946,62.167,111.25,14,3.6538,185.29,20,1221.8,12.661,135,5,0,0,0,0,0,0,0,463.06,32.86,6.5,1049.2,1043.2,1043.2,1039.7,1049.2,1043.2,1049.2,1049.2,1049.2,0,12,157.84,14.504,337.9,11.923,50.185,43.089,7.096,0,4.827,18.828,38.3,1118.5,0,1118.5,1118.5,1113.2,1118.5,1118.5,1118.5,1118.5,1118.5,0,0,6.5915,65.32,758,363.22,363.22,363.22,363.22,363.22,363.22,363.22,363.22,363.22,394.8,394.8,394.8,394.8,394.8,394.8,394.8,394.8,394.8,48.99,70.45,54.285,11.895,12.888,24,32,476.3,476.3,476.3,476.3,476.3,476.3,476.3,476.3,476.3,67,7.04,191.65,1111.2,2,233.26,102.76,2109.3
67,31.Jul.15,37.12,171.74,0,15.78,213.13,395.72,187.1,52.57,173.46,887.8,-26.369,26.369,0,75.8,94,86,75,40,0,72,122,165,315,0,0,0,0,0,122.24,122.24,122.24,122.24,122.24,0,135,0,135,0,-38.36,775,0,8.59,0,17.921,31.766,20,13.18,37.922,703.2,42.1,74.836,17.155,803.6,4.2567,118.74,38.64,38.891,49.489,128,1.8024,65,14.294,9.41,90,78.93,430.08,90,90,90,0,90,90,90,90,90,90,24.602,24.648,51.45,14.602,1.26,111.31,6.275,34.134,10,43.366,10.661,23.77,8.76,3.201,47.274,3.2005,54.778,122.24,14,2.4,166.97,21,1149.6,8.762,135,3,0,0,0,0,0,0,0,408.67,24.59,6.5,753,745.6,745.6,742.5,753,745.6,753,753,753,0,19.5,148.99,13.077,238.2,12.177,50.185,40.185,10,0,5.0078,14.52,38.3,661.1,0,661.1,661.1,656.6,661.1,661.1,661.1,661.1,661.1,0,0,5.8081,67.04,474.8,213.13,213.13,213.13,213.13,213.13,213.13,213.13,213.13,213.13,261.6,261.6,261.6,261.6,261.6,261.6,261.6,261.6,261.6,39.08,62.92,38.322,10.322,12.888,24,32,400.4,400.4,400.4,400.4,400.4,400.4,400.4,400.4,400.4,67,5.75,174.44,1067.8,2,237.37,100.7,1364.6
68,31.Aug.15,37.12,171.74,0,15.78,70.48,379.24,187.1,51.45,162.76,887.8,-30.332,30.332,0,69.1,76,75.8,75,40,0,72,122,165,315,0,0,0,0,0,130.75,130.75,130.75,130.75,130.75,0,135.62,0,135.62,0,-64.97,734,0,7.45,0,17.519,35.599,20,9.97,39.662,656.9,41.6,68.4,14.376,777,2.0926,118.95,23.53,37.002,45.811,122,1.5585,65,5,9.11,90,50.89,331.73,90,90,90,0,90,90,90,90,90,90,22.267,23.891,44.9,14.273,1.26,65.7,6.052,32.067,9.82,38.891,8.729,0.014,3.3,3.201,46.595,2.9954,47.389,130.75,14,1.3,146.34,22,1088.9,7.5,135.62,2,0,0,0,0,0,0,0,368.77,20.98,6.5,583.4,575.9,575.9,572.8,583.4,575.9,583.4,583.4,583.4,0,27,138.29,10.702,153,11.165,50.185,40.185,10,0,4.017,14.52,23.939,550,0,550,550,550,550,550,550,550,550,0,0,5.0806,65.8,210.8,70.48,70.48,70.48,67.84,70.48,70.48,70.48,70.48,70.48,140.3,140.3,140.3,140.3,140.3,140.3,140.3,140.3,140.3,27.83,53.98,20.425,8.991,12.888,24,30,240,240,240,240,240,240,240,240,240,67,2.95,157.22,1002.9,2,180,97.52,950.5
69,30.Sep.15,37.12,171.74,0,15.78,45,370.13,187.1,44.9,110.6,887.8,-18.495,18.495,0,58,58,69.1,75,40,0,72,122,165,315,0,0,0,0,0,123.07,123.07,123.07,123.07,123.07,0,134.42,0,134.42,0,-87.77,682,0,6.08,0,16.978,43.434,16.68,7.17,40.631,629.1,39.9,60.4,13.897,754.2,0.6,121.1,18.14,35.637,35.6,118,0.07,65,4.371,8.93,90,47.8,237.76,90,90,90,0,90,90,90,90,90,90,15.091,23.304,41.3,13.863,1.26,49.4,5.876,30,9.62,34.529,6.637,0.014,4.537,3.201,46.595,2.832,40,123.07,14,1.5,131.98,20,1049.3,7.5,134.42,1,0,0,0,0,0,0,0,337.54,18.8,6.5,563.3,580.4,580.4,580.4,563.3,580.4,563.3,563.3,563.3,0,9.843,131.03,8.046,100,10.475,50.185,40.185,10,0,2.1077,14.52,7.5,550,0,550,550,550,550,550,550,550,550,0,0,3.4188,53.46,155,45,45,45,45,45,45,45,45,45,110,89.9,89.9,89.9,110,89.9,110,110,110,22.2,46.06,10,8.405,12.888,24,27,240,240,240,240,240,240,240,240,240,63.5,1.58,140,930.1,2,180,94.46,925