date,gw_06,gw_07,gw_08,gw_09,gw_10,gw_11,gw_12,gw_13,gw_14,gw_15
1921-10-31,69.15,10.92,38.7,-31.37,10.34,22.78,-5.47,0.99,66.93,-556.22
1921-11-30,33.7,5.68,24.58,-9.85,12.66,8.14,-3.55,4.96,47.21,10.38
1921-12-31,78.23,20.61,32.84,86.65,80.04,43.85,41.6,62.59,38.57,91.45
1922-01-31,16.51,3.76,23.95,35.68,1.02,22.49,5.19,19.64,31.9,54.75
1922-02-28,124.31,34.18,54.4,110.52,59.97,67.77,43.37,83.14,28.56,70.68
1922-03-31,-6.78,9.58,29.03,7.08,-5.24,8.86,2.11,26.09,26.61,73.42
1922-04-30,0.86,15.23,29.79,13.49,9.31,20.87,10.46,25.77,24.76,72.85
1922-05-31,-1.22,24.18,34.21,71.22,108.28,117.71,94.72,88.52,50.12,247.29
1922-06-30,-29.38,-4.54,25.05,18.52,22.37,31.41,40.47,50.21,71.17,214.06
1922-07-31,-40.66,-19.26,6.47,-55.15,-81.46,-105.85,-77.32,-20.09,48.92,45.22
1922-08-31,-25.66,-7.91,4.91,-47.26,-58.3,-55.38,-38.88,-31.02,41.65,36.88
1922-09-30,-8.2,1.49,9.34,-17.13,-27.52,-22.15,-17.3,-11.6,18.43,5.8
1922-10-31,10.98,7.46,12.63,-1.8,-7.48,-3.61,-5.98,-4.33,23.18,11.28
1922-11-30,37.21,10.4,16.55,15.2,7.04,15.07,8.33,3.02,17.17,26.38
1922-12-31,122.27,34.46,40.76,108.07,49.49,61.51,43,51.13,17.03,50.06
1923-01-31,23.4,7.39,31.34,45.35,-2.24,21.55,6.28,22.54,15.21,31.73
1923-02-28,-12.02,-1.68,16.59,-6.78,-3.91,-8.15,-5.76,13.91,14.36,29.95
1923-03-31,-15.04,5.5,15.7,-1.53,4.03,-10.79,-8.94,12.23,24.78,64.33
1923-04-30,28.24,23.2,31.87,58.36,67.76,46.52,40.01,58.51,15.96,97.28
1923-05-31,-25.53,-1.22,20.03,39.24,56.6,40.94,28.82,56.8,28.34,95.77
1923-06-30,-29.2,-4.63,13.34,-14.24,-31.91,-15.67,1.59,5.04,35.05,54.06
1923-07-31,-28.06,-3.42,8.54,-27.3,-38.75,-27.53,-9.77,0.85,40.8,52.8
1923-08-31,-18.41,1.44,7.47,-25.58,-35.93,-31.47,-23.46,-20.33,32.57,27.51
1923-09-30,-1.9,7.39,12.1,-2.72,-15.63,-10.54,-8.49,-3.59,10.9,14.64
1923-10-31,8.87,8.46,12.48,5.86,-4.39,12.22,5.17,2.19,15.3,19.41
1923-11-30,4.9,4.38,8.88,3.6,-7.26,-13.06,-11.03,-3.61,9.42,14.09
1923-12-31,7.33,3.76,9.38,5.4,-3.18,0.18,-5.04,-1.68,8.36,14.32
1924-01-31,17.62,5.69,10.23,8.79,4.22,1.78,-1.3,-0.61,10.87,24.12
1924-02-29,39.62,10.8,12.25,12.25,-0.36,-4.24,-3.33,-3.27,7.45,24.69
1924-03-31,-1.83,-1.42,7.61,6.55,18.9,-3.13,-1.56,5.51,13.27,48.55
1924-04-30,-3.87,-1.77,9.5,6.82,10.1,1.67,3.42,21.1,10.17,77.94
1924-05-31,-6.78,-5.36,9.42,6.86,20.94,3.2,9.4,31.96,20.98,66.06
1924-06-30,-0.67,-0.28,5.05,-7.77,-5.78,-0.26,-10.63,-13.31,31.2,39.76
1924-07-31,4.03,5.26,6.29,-7.26,13.72,3.48,-8.77,-0.67,33.09,53.35
1924-08-31,7.94,7.24,7,-2.03,18.36,5.25,-5.48,4.58,29,46.52
1924-09-30,12.31,10.46,9.82,9.61,4.12,3.94,-3.51,8.01,3.06,22.09
1924-10-31,28.48,17.18,15.29,18.94,6.82,6.36,0.3,6.5,9.94,27.46
1924-11-30,26.09,10.27,14.21,17.79,14.49,20.05,5.39,11.23,4.62,29.15
1924-12-31,58.4,14.17,19.93,39.04,15.53,24.41,12.59,14.6,4.51,47.05
1925-01-31,13.74,3.16,14.17,13.36,0.98,-8.1,-5.39,4.18,4.2,29.25
1925-02-28,221.09,39.16,41.33,101.7,43.97,48.76,17.87,43.97,4.66,47.67
1925-03-31,-55.04,0.44,18.19,2.98,-3.24,19.88,9.59,14.43,14.23,85.96
1925-04-30,-13.84,10.6,28.13,48.85,48.08,63.18,46,51.24,6.9,87.93
1925-05-31,-30.67,-2.35,22.52,50.96,61.28,63.75,56.36,63.93,13.92,94.77
1925-06-30,-41.7,-9.96,10.81,-18.58,-22.67,-38.51,-19.82,16.25,34.2,73.26
1925-07-31,-36.25,-4.73,5.72,-41.99,-49.96,-66.43,-38.39,-6.77,39.97,64.26
1925-08-31,-22.96,1.58,6.23,-27.03,-29.14,-29.82,-24.98,-9.87,32.38,51.78
1925-09-30,-6.6,7.78,10.09,-3.25,-15.08,-9.38,-8.19,1.14,2.57,17.87
1925-10-31,3.96,10.79,11.9,5.05,-1.14,8.1,0.76,6.12,9.66,27.39
1925-11-30,10.86,8.09,11,11.65,3.44,6.92,1.86,3.11,3.22,21.78
1925-12-31,9.51,7.39,11.79,13.96,4.18,12.29,4.81,5.29,2.64,26.26
1926-01-31,51.62,12.05,14.47,19.15,3.36,0.98,-2.44,0.4,2.98,23.84
1926-02-28,176.61,30.62,30.13,71.93,31.31,-3.17,9.03,24.09,2.93,41.17
1926-03-31,-50.69,-0.06,12.87,3.21,-6.92,17.47,-4.71,12.97,11.26,68.61
1926-04-30,47.23,20.51,27.99,65.95,90.86,58.56,52.19,86.27,6.56,113.44
1926-05-31,-63.01,-12.89,9.3,3.87,2.68,2.72,3.46,25.7,14.38,86.05
1926-06-30,-47.76,-11.71,3.36,-27.38,-41.64,-42.45,-21.37,-4.07,32.21,70.21
1926-07-31,-32.22,-0.6,5.55,-26.59,-30.24,-18.18,-19.38,-12.54,40.19,55.18
1926-08-31,-17.94,4.91,7.91,-12.79,-1.75,-6.53,-12.64,1.62,35.46,46.91
1926-09-30,-3.47,11.38,11.52,5.68,-3.8,0.35,-3,8.62,0.41,21.62
1926-10-31,9.25,11.6,12.42,10.54,-0.24,5.69,1.38,6.23,7.44,25.54
1926-11-30,136.47,41.45,29.73,59.28,39.79,21.13,20.35,39.84,5.1,118.87
1926-12-31,31.52,-2.22,13.34,11.67,-9.26,2.55,1.73,8.66,2.5,34.34
1927-01-31,44.51,19.78,23.77,39.78,3.12,13.03,0.65,14.04,1.97,36.12
1927-02-28,219.19,24.68,37.98,108.57,70.92,67.08,34.57,89.68,4.04,98.95
1927-03-31,-112.82,13.34,23.09,9.29,-8.45,16.65,2.5,17.41,5.87,67.15
1927-04-30,-15.16,14.46,30.58,31.45,28.53,35.14,15.66,38.19,4.95,82.25
1927-05-31,-61.86,-0.63,20.34,31.93,62.09,26.04,30.22,63.96,16.43,129.47
1927-06-30,-50.85,-7.01,18.82,5.67,5.63,16.54,24.55,33.1,32.71,81.89
1927-07-31,-44.47,-6.96,8.1,-46.19,-74.69,-77.42,-48.31,-20.92,45.17,47.32
1927-08-31,-28.79,1.31,8.56,-33.99,-42.79,-40.38,-24.35,-17.68,38.09,35.67
1927-09-30,-13.38,9.41,12.69,-7,-19.63,-21.13,-10.89,1.33,1.12,14.96
1927-10-31,3,10.84,14.65,7.7,2.04,2.16,2.19,5.28,5.54,25.6
1927-11-30,45.29,22.23,19.79,22.84,3.59,15,9.08,11.61,3.83,40.9
1927-12-31,36,9.39,16.95,24.06,5.41,3.51,8.55,7.6,2.1,30.43
1928-01-31,30.49,10.63,15.61,19.9,-2.9,-0.94,-5.82,6.84,1.64,31.85
1928-02-29,56.65,14.94,17.94,18.24,4.66,5.48,-2.76,11.04,1.37,33.21
1928-03-31,122.94,28.05,37.14,80.72,33.09,80.51,35.46,36.62,10.11,76.68
1928-04-30,-51.32,4.25,23.96,10.44,3.28,5.65,0.63,22.06,5.06,79.23
1928-05-31,-52.53,-8.03,17.31,9.63,37.06,10.78,13.12,47.71,13.29,88.6
1928-06-30,-38.31,-9.82,6.66,-28.6,-23.63,-45.11,-13.39,6.26,35.41,84.12
1928-07-31,-21.36,-0.13,8.22,-28.76,-25.48,-38.57,-23.15,-14.62,47.03,60.3
1928-08-31,-6.54,5.14,9.25,-14.3,0.71,-17.99,-11.34,5.61,37.44,51.75
1928-09-30,5.9,11.33,13.17,7.51,0.15,-3.56,1.03,10.89,-0.93,23.14
1928-10-31,10.18,11.62,13.64,8.75,-0.12,10.23,7.05,8.96,6.87,28.7
1928-11-30,24.89,12.94,17.57,22.85,7.73,10.24,6.81,7.17,0.22,30.29
1928-12-31,35.13,9.71,17.05,26.94,2.56,-2.35,-0.38,11.69,-0.09,33.49
1929-01-31,7.34,5.07,14.65,9.38,-6.84,-6.47,-10.25,1.73,-1.02,17.9
1929-02-28,34.47,11.47,16.55,13.58,0.41,-7.83,-4.87,3.82,-1.23,18.49
1929-03-31,10.27,9.65,15.05,14.27,9.89,-1.6,-2.47,19.17,4.68,49.32
1929-04-30,-3.03,4,19.12,12.24,9.61,-0.98,0.76,21.2,0.24,37.29
1929-05-31,-7.13,6.42,21.83,21.81,23.12,27.13,14.37,40.29,11.96,55.21
1929-06-30,-8.93,3.38,15.92,1.2,-7.48,1.01,0.22,12.31,28.72,46.26
1929-07-31,-9.44,2.69,9.45,-9.41,-0.42,-15.29,-3.76,8.68,45.72,55.91
1929-08-31,2.28,7.93,10.44,-1.55,10.72,-9.4,-3.63,10.51,36.81,61.85
1929-09-30,9.56,12.35,13.42,10.11,-8.26,-2.66,-0.57,6.07,-2.61,31.87
1929-10-31,11.98,12.7,13.7,8.58,-5.72,-1.23,-0.12,4.05,2.66,29.83
1929-11-30,8.79,8.02,13.55,13.39,-2.8,-2.75,-2.15,0.9,-1.56,26.7
1929-12-31,132.23,43.65,22.15,37.73,3.16,1.56,-1.42,4.06,-1.95,23.46
1930-01-31,44.15,9.01,20.61,38.08,15.23,15.07,5.34,12.97,-2.06,38.93
1930-02-28,28.74,9.3,16.23,12.48,1.84,-3.3,-3.86,7.4,-2.22,27.75
1930-03-31,59.63,13.87,19.2,24.48,8.75,17.92,0.54,18.92,3.17,53.58
1930-04-30,-34.05,3.18,15.68,16.17,14.37,21.17,4.82,27.11,0.25,49.63
1930-05-31,-35.62,-2.19,17.98,7.56,1.94,6.36,2.68,24.06,7.68,50.6
1930-06-30,-32.07,-3.1,14,2.68,2.81,16.3,18.81,24.62,32.06,52.21
1930-07-31,-22.81,1.79,11.57,-9.88,-5.51,-27.4,-5.4,7.52,44.14,57.73
1930-08-31,-11.15,7.25,12.71,-0.82,4.73,-17.34,-4.99,10.83,36.02,66.71
1930-09-30,1.65,13.11,17.5,15.26,-5.07,-7.78,-1.47,8.61,-3.09,33.88
1930-10-31,7.32,12.27,16.29,6.76,-13.44,-1.67,-6.61,3.22,0.76,33.82
1930-11-30,10.99,11.09,14.52,12.91,-0.58,-0.01,1.46,3.36,-1.95,31.32
1930-12-31,5.22,6.72,10.97,9.14,-7.71,3.58,-0.39,0.15,-2.37,27.56
1931-01-31,48.37,14.36,17.04,23.93,21.68,-2.79,3.93,16.3,-2.45,45.05
1931-02-28,3.4,5.49,13.37,6.22,-7.64,-9.73,-10.94,-1.48,-3.46,26.6
1931-03-31,12.38,9.63,12.53,8.18,-0.66,-12.16,-11.5,8.62,1.81,44.32
1931-04-30,-11.72,0.22,12.04,6.13,11.62,1.74,4.17,27.34,-1.12,45.68
1931-05-31,-8.28,-0.15,11.1,6.29,4.82,-3.06,2.15,24.28,5.08,47.31
1931-06-30,-1.87,3.86,10.14,-0.69,-1.35,-3.42,-5.67,3.36,13.99,43.54
1931-07-31,1.67,7.37,13.43,-0.01,15.65,-0.31,-5.93,10.08,40.83,74.34
1931-08-31,7.14,9.78,12.53,1.57,11.55,-0.14,-7.53,9.79,33.86,72.15
1931-09-30,13.34,14.43,13.68,11.53,-6.37,-1.49,-6.52,3.8,-5.56,36.58
1931-10-31,15.95,13.65,13.64,11.8,-2.86,0.06,-4.39,6.01,0.25,38.44
1931-11-30,17.86,12.29,14.35,18.19,7.45,6.02,1.96,9.07,-3.19,40.52
1931-12-31,148.75,34.5,31.45,106.67,82.49,37.25,42.92,102.32,-0.56,116.63
1932-01-31,36.82,3.5,19.71,25.43,-11.77,4.04,-2.91,29.77,-3.22,32.98
1932-02-29,4.19,8.06,29.91,63.56,35.92,65.37,39.13,95.37,-1.58,50.63
1932-03-31,3.34,20.35,22.25,8.98,-10.2,-5.75,-14.32,21.22,1.66,46.54
1932-04-30,-7.37,13.67,22.99,14.85,8.21,20.92,9.33,28.58,0.94,56.21
1932-05-31,0.15,14.53,23.99,46.03,43.51,68.98,39.03,55.49,11.05,83.67
1932-06-30,-14.52,-0.47,21.79,18.86,21.14,17.7,29.64,43.38,29.96,77.22
1932-07-31,-15.55,-2.9,12.76,-33.34,-52.99,-68.13,-34.57,-0.43,44.12,38.32
1932-08-31,-1.11,4.3,13.53,-29.23,-44.51,-47.11,-25.63,-10.4,33.69,34.15
1932-09-30,6.85,10.33,18.36,-0.11,-18.06,-26.2,-12.59,8.7,-2.25,25.12
1932-10-31,10.46,11.23,18.26,6.22,-5.44,-2.22,3.86,10.61,1.37,28.53
1932-11-30,11.67,8.63,15.97,8.25,-13.39,1.25,-2.26,-1.57,-1.19,25.06
1932-12-31,23.59,11.73,17.92,14.25,0.4,-0.08,-3.76,5.25,-1.72,26.81
1933-01-31,55.79,15.99,23.13,47.51,38.44,0.77,11.15,34.16,-0.88,117.76
1933-02-28,12.83,7.13,16.99,6.67,-14.39,-4.09,-11.6,0.14,-2.15,20.87
1933-03-31,36.86,22.35,22.88,18.94,6.01,-4.88,-4.22,19.3,2.83,49.07
1933-04-30,-0.32,7.52,19.39,10.94,10.29,0.9,7.87,29.97,0.8,48.15
1933-05-31,4.56,7.33,17.64,14.56,7.35,10.42,4.08,28.32,8.04,71.04
1933-06-30,-0.54,6.24,15.35,23.5,25.31,54.8,27.38,41.55,27.04,67.44
1933-07-31,-5.59,0.67,13.07,-13.37,-25.52,-31.94,-14.43,-4.41,41.57,39.11
1933-08-31,3.38,6.11,14.34,-5.92,-7.86,-19.33,-9.43,8.15,33.13,44.69
1933-09-30,9.87,12.78,17.12,12.44,-2.92,-4.99,-1.13,14.14,-2.6,30.52
1933-10-31,16.32,14.08,18.79,11.98,-12.06,-0.8,-2.87,2.69,0.71,31.62
1933-11-30,12.3,10.8,14.79,16.63,-6.01,-5.21,-4.8,2.02,-1.51,27.69
1933-12-31,97.06,29.88,29.43,56.37,27.58,18.13,18.43,23.21,-1.62,31.4
1934-01-31,32.05,10.16,21.19,19.92,-4.63,-17.51,-13.6,7.81,-2.36,25.9
1934-02-28,34.64,14.77,24.24,40.19,10.97,-1.03,0.68,20.18,-2.24,29.75
1934-03-31,-4.04,9.32,18.41,11,3.52,-13.09,-5.79,16.23,3.09,55.32
1934-04-30,-13.07,3.63,16.79,5.28,5.81,-1.68,5.49,25.66,0.81,53.04
1934-05-31,-13.39,-0.65,14.62,1.13,-10.14,-6.98,-2.02,14.88,3.27,45.56
1934-06-30,-8.49,2.92,12.06,-3.55,-3.27,-1.45,-4.19,5.87,20.24,46.67
1934-07-31,-2.73,7.67,15.21,-0.64,12.34,-1.93,-1.28,13.45,41.25,76.16
1934-08-31,3.8,10.14,15.26,3.36,12.44,-3.83,-7.26,10.19,32.16,69.21
1934-09-30,11.48,14.53,18.38,14.71,-6.39,-2.85,-7.95,9.25,-4.46,36.62
1934-10-31,15.84,15.03,19.85,14.66,-0.76,4.93,1.29,8.24,-1.13,35.8
1934-11-30,42.27,21.63,22.63,26.35,12.24,13.89,3.57,15.74,-2.1,45.16
1934-12-31,23.85,9.98,18.39,27.03,12.6,13.7,7.88,26.48,-2.29,40.68
1935-01-31,153.26,28.01,29.24,82.73,41.06,15.85,20.76,73.96,-2.07,58.82
1935-02-28,5.78,13.25,21.33,12.97,-10.4,-6.73,-8.82,21.96,-2.5,28.39
1935-03-31,90.54,18.01,25.44,35.78,26.96,-0.18,12.62,50.41,-0.96,56.91
1935-04-30,58.63,24.59,33.43,91.17,66.79,116.99,69.54,86.51,3.38,89.83
1935-05-31,-52.6,13.9,24.32,23.1,9.74,44.16,13.5,43.72,10.89,59.3
1935-06-30,-43.3,-4.37,19.07,-5.8,-3.11,0.86,10.32,31.85,16.64,58.43
1935-07-31,-33.43,-3.8,11.64,-45.68,-58.28,-79.32,-48.62,-6.44,24.5,30.72
1935-08-31,-14.61,4.94,14.02,-25.88,-30.3,-40.36,-25.81,0.83,27.2,37.18
1935-09-30,-0.58,12.1,18.46,2.87,-12.84,-17.74,-9.14,12.86,-1.38,27.91
1935-10-31,8.56,12.42,20.4,9.46,-3.32,-4.69,-2.61,10.08,1.41,29.32
1935-11-30,8.28,10.12,17.52,13.01,-7.25,-4.81,-4.99,5.75,-0.65,25.08
1935-12-31,18.28,13.72,19.08,16.05,-2.39,0.51,3.63,4.59,-1.11,26.48
1936-01-31,143.46,33.2,32.85,65.18,9.02,11.45,2.95,14.63,-1.47,25.99
1936-02-29,200.49,29.42,55.63,167.19,144.05,94.34,77.8,188.27,3.62,206.89
1936-03-31,-83.83,12.73,30.36,-0.43,-46.01,11.05,-13.46,2.14,2.34,25.62
1936-04-30,-29.49,14.64,37.44,22.56,13.95,21.98,7.66,33.45,5.06,60.55
1936-05-31,-38.49,2.9,23.17,16.25,14.6,27.9,19.65,38.69,12.87,59.99
1936-06-30,-30.48,1.69,24.48,-13.42,-24.49,-23.58,-10.51,10.14,16.62,39.53
1936-07-31,-30.56,0.43,16.41,-35.37,-31.59,-62.42,-33.24,6.48,28.42,33.8
1936-08-31,-18.04,6.62,18.08,-18.65,-16.06,-37.76,-24.22,2.41,28.2,34.19
1936-09-30,-1.77,13.95,22.61,5.97,-9.12,-17.02,-10.34,14.26,-0.5,25.85
1936-10-31,3.53,12.86,22.77,8.68,-2.35,-6.7,-0.95,6.93,1.55,32.32
1936-11-30,5.52,11.45,19.05,10.03,-4.63,-1.56,-4.6,5.75,-0.87,26.24
1936-12-31,20.58,12.68,23.27,27.3,27,12.18,17.53,23.69,0.69,87.33
1937-01-31,28.35,13.3,25.85,31.27,2.53,1.7,-0.66,11.8,-0.77,28.99
1937-02-28,155.46,32.03,43.59,107.39,91.92,47.43,44.05,142.38,3.31,138.44
1937-03-31,85.3,27.02,48.32,75.81,7.21,28.61,17.22,49.3,4.08,78.81
1937-04-30,-20.34,25.03,36.95,17.15,-12.36,22.43,2.6,26.11,6.9,38.2
1937-05-31,-30.03,10.21,26.56,47.63,69.79,69.37,52.09,75.67,19.1,127.56
1937-06-30,-34.31,-0.96,22.65,-17.44,-22.72,-47.33,-28.65,10.91,22.25,30.61
1937-07-31,-30.91,-0.24,18.32,-38.34,-41,-66.71,-45.13,-5.61,22.66,5.34
1937-08-31,-20.61,5.92,19.27,-21.9,-7.07,-34.02,-25.04,-4.61,25.67,15.48
1937-09-30,-9.67,12.65,23.31,3.99,-11.81,-12.84,-7.83,12.39,1.18,14.2
1937-10-31,10.56,19.6,26.47,11.38,-17.48,-7.42,-1.06,-0.37,3.34,17.89
1937-11-30,98.81,31.58,28.44,28.67,-3.35,-1.34,-3.4,4.52,1.46,18.43
1937-12-31,167.39,31.09,33.11,75.7,70.62,43.63,30.51,61.7,4.54,109.1
1938-01-31,-27.18,17.42,29.86,42.42,-1.56,5.62,5.12,17.98,3,32.93
1938-02-28,281.39,34.15,59.49,161.82,102.76,88.07,83.99,161.02,5.03,128.66
1938-03-31,-31.8,20.81,59.13,80.44,96.81,48,63.81,187.76,17.49,286.69
1938-04-30,-65.61,26.42,48.81,9.26,-57.14,2.59,-24.7,9.5,11.47,61.43
1938-05-31,-38.79,25.63,38.03,30.46,32.87,49.47,24.91,53.19,27.23,124.79
1938-06-30,-52.14,5.3,32.38,4.55,30.63,14.08,39,52.15,43.5,187.2
1938-07-31,-51.42,-6.65,21.64,-43.23,-74.64,-99.84,-71.23,-11.79,26.92,-5.54
1938-08-31,-26.67,2.96,21.36,-39,-59.79,-67.52,-47.07,-20.69,25.48,-6.48
1938-09-30,-6.84,12.42,26.05,-12.27,-31.79,-28.89,-16.88,-3.01,6.4,-4.4
1938-10-31,4.78,15.05,28.14,1.12,-29.87,-9.24,-12.15,-11.52,6.44,2.27
1938-11-30,6.06,12.19,25.05,12.62,-0.78,3.55,-0.82,11.78,4.9,4.94
1938-12-31,12.36,12.43,24.6,12.02,2.4,-6.52,-6.73,7.88,4.07,13.61
1939-01-31,17.84,10.54,23.78,17.78,11.58,2.01,-0.32,9.22,3.88,19.21
1939-02-28,9.27,9.95,23.48,12.43,4.94,-13.86,-3.57,10.78,3.58,25.73
1939-03-31,27.26,19.61,27.18,20.43,19.06,-8.28,-5.63,25.8,6,43.4
1939-04-30,-6.85,4.49,16.07,9.17,9.06,15.92,0.97,30.32,6.84,38.28
1939-05-31,-10.03,1.36,16.63,0.91,-11.39,-6.04,-3.35,16.65,8.98,35.64
1939-06-30,-9.91,3.98,15.93,-6.35,-0.58,-14.93,-8.02,8.76,10.86,28.13
1939-07-31,-1.18,10.13,19.6,-2.62,17.23,-6.86,-2.56,14.59,19.84,29.49
1939-08-31,6.19,13.46,17.65,2.46,20.69,-3.18,-3.38,15.43,23.53,28.53
1939-09-30,15.13,18.72,24.48,18.71,1.08,-4.27,-3.19,14.45,1.41,21.56
1939-10-31,18.74,17.08,24.2,12.83,-2.29,-3.23,-3.49,13.51,3.47,24.93
1939-11-30,14.8,13.59,20.83,13.54,-1.68,-2.99,-3.7,6.61,1.88,18.82
1939-12-31,26.84,19.38,21.29,16.7,-1.1,-0.61,-3.96,5.26,1.34,18.85
1940-01-31,205.25,50.91,43.2,113.28,106.74,48.6,43.15,112.3,5.66,165.68
1940-02-29,203.15,49.88,45.71,110.32,22.03,55.74,31.8,61.67,5.15,117.24
1940-03-31,88.18,-0.9,35.05,41.25,-0.12,43.69,17.78,36.37,9.39,55.65
1940-04-30,-85.83,-4.45,34.05,8.88,1.92,-1.58,-3.16,33.62,6.43,32.53
1940-05-31,-91.68,11.6,27.5,17.36,30.42,20.28,16.26,56.2,15.47,73.78
1940-06-30,-52.54,-0.3,22.1,-21.05,-15.9,-36.28,-11.47,16.86,19.35,17.69
1940-07-31,-33.07,3.92,19.22,-38.43,-40.15,-62.08,-37.99,-9.51,26.57,13.88
1940-08-31,-14.83,9.92,20.93,-16.9,-5.65,-28.45,-18.74,5.29,29.73,21.89
1940-09-30,1.03,17.52,25.03,7.85,-8.19,-7.76,-2.63,16.72,1.68,18.11
1940-10-31,10.73,19.14,27.21,12.7,-2.77,-7.1,-5.4,10.45,6.42,28.75
1940-11-30,13.58,15.92,23.97,13.65,-2.18,1.3,-3.65,7.86,2.39,13.57
1940-12-31,234.11,45.58,40.56,107.32,93.67,26.5,41.56,92.78,6.03,128.43
1941-01-31,195.01,34.9,36.68,82.95,-10.48,6.05,-4.55,28.65,5.12,32.64
1941-02-28,126.72,36.18,46.9,111.45,81.24,38.75,36.7,145.81,6.43,155.19
1941-03-31,18.57,16.25,39.01,38.64,4.01,42.31,20.4,53.75,6.81,76.75
1941-04-30,-79.38,21.09,35.95,17.49,2.96,8.82,1.99,42.28,8.27,83.94
1941-05-31,-71.17,24.57,36.87,35.26,67,62.93,40.6,84.97,20.19,123.84
1941-06-30,-59.13,-1.62,24.72,-2.21,14.06,-8.04,16.58,41.79,27.41,42.05
1941-07-31,-40.85,2.6,20.44,-38.47,-58.58,-71.35,-51.05,-4.03,27.62,8.55
1941-08-31,-22.3,7.64,20.45,-31.54,-47.34,-46.31,-33.09,-14.43,30.54,-1.64
1941-09-30,-5.93,15.7,25.18,-4.76,-24.83,-22.9,-17.62,7.18,4.79,-0.5
1941-10-31,5.49,17.38,26.89,5.66,-12.35,-8.58,-5.99,5.95,7.54,8.06
1941-11-30,12.41,16.08,25.57,9.59,-11.3,-5.14,-6.64,3.31,4.19,7.95
1941-12-31,180.07,54.14,41.52,79.57,60.93,31.78,29.4,64.69,7.2,109.52
1942-01-31,128.53,27.59,47.06,93.06,8.86,20.41,5.79,34.36,6.67,44.27
1942-02-28,157.45,13.8,40.12,40.17,1,18.05,-7.2,28.89,6.47,15.91
1942-03-31,-103.88,17.14,33.62,2.73,13.42,-4.67,5.55,32.44,7.84,32.74
1942-04-30,-14.56,34.84,42.39,51.59,39.76,38.75,23.23,46.38,6.72,41.05
1942-05-31,-37.52,15.16,38.63,32.42,28.5,38.62,23.3,47.12,14.95,73.12
1942-06-30,-42.75,3.96,25.29,12.59,29.72,28.04,34.07,48.92,27.22,74.16
1942-07-31,-41.47,-1.75,19.36,-38.34,-47.44,-69.09,-46.36,-0.02,39.04,2.58
1942-08-31,-24.14,5.07,18.61,-34.04,-40.63,-57.41,-36.32,-13.41,36.03,7.9
1942-09-30,-5.47,14.52,25,-3.35,-19.61,-27.11,-16.65,10.83,3.57,5.28
1942-10-31,5.9,18.04,27.1,5.01,-19.01,-12.34,-8.99,8.51,7.86,14.43
1942-11-30,29.18,21.69,31.56,21.1,0.22,2.11,-1.66,11.02,4.5,17.82
1942-12-31,61.17,28.64,34.13,35.9,2.68,23.87,8.49,10.57,3.96,25.34
1943-01-31,200.76,36.84,48.34,115.87,57.45,26.34,14.45,68.96,6.49,120.58
1943-02-28,-6.11,15.4,35.64,26.13,-0.64,20.48,9.11,18.09,7,19.94
1943-03-31,16.15,34.34,56.66,82.73,78.95,73.81,53.26,102.18,11.86,182.93
1943-04-30,-38.56,16.23,39.4,8.06,-17.75,-3.54,-17.11,17.17,10.76,55.02
1943-05-31,-45.99,-4.86,23.44,3.6,14.51,-1.87,9.27,46.23,19.74,56.77
1943-06-30,-36.88,1.85,25.11,-20.78,-32.72,-30.6,-18.47,6.73,26.98,11.26
1943-07-31,-30.2,3.52,21.66,-35.53,-31.39,-60.68,-33.73,6.45,46.59,16.52
1943-08-31,-15.71,9.31,22.08,-17.43,-16.99,-28.32,-18.22,3.71,40.17,18.45
1943-09-30,-0.07,16.56,27.06,6.67,-11.62,-16.58,-10.09,17.08,3.08,11.4
1943-10-31,9.79,19.38,29.43,11.4,-4.68,-7.98,-4.73,13.92,7.83,19.73
1943-11-30,9.99,16.65,25.86,12.95,-8.13,-2.16,-5.05,7.42,4.1,14.05
1943-12-31,12.48,12.91,25.81,16.51,-0.51,2.47,0.6,9.78,3.45,16.47
1944-01-31,32.52,14.1,27.01,18.86,8.2,-1.68,-3.19,12.88,2.79,21.16
1944-02-29,92.72,25.03,35.33,67.36,35.03,-0.89,7.92,43.98,3.39,60.55
1944-03-31,8.34,16.18,29.57,15.06,-8.57,20.35,-3.31,21.12,6.27,37.31
1944-04-30,-7.51,5.58,29.59,9.76,10.36,-10.39,-2,32.48,4.96,34.88
1944-05-31,-5.15,12.36,23.06,16.15,-3.85,30.05,6.01,26.54,13.69,45.66
1944-06-30,-14.89,3.56,20.41,-3.85,-2.42,-10.51,-2.38,26.43,27.58,28.93
1944-07-31,-10,7.29,19.66,-5.33,6.01,-22.45,-4.67,29.96,53.96,32.29
1944-08-31,-0.56,12.39,20.7,2.89,2.85,-13.05,-3.5,21.12,43.18,34.99
1944-09-30,7.76,16.53,25.56,18.16,-7.85,-8.6,-3.53,25.25,2.07,23.19
1944-10-31,11.78,15.8,25.74,15.89,-14.39,-0.07,-0.1,11.09,8.09,28.32
1944-11-30,44.34,24.32,32.41,30.2,1.91,14.58,10.34,13.46,3.63,50.38
1944-12-31,33.35,17.68,28.97,29.89,-7.72,18.89,-1.66,12.09,2.31,19.43
1945-01-31,17.52,10.1,23.59,8.82,-0.94,-4.83,-13.6,18.65,2.96,14.45
1945-02-28,119.61,29.97,44.18,92.48,72.14,37.02,36.4,91.07,5.61,112.36
1945-03-31,3.21,13.58,29.35,29.91,12.12,14.95,5.54,46.99,10.99,63.03
1945-04-30,-20.36,8.07,28.33,10.06,1.2,5.63,-3.94,41.24,8.19,51.1
1945-05-31,-12.75,9.8,29.7,26,14.68,32.27,13.82,41.04,17.21,54.03
1945-06-30,-17.64,3.87,24.56,1.91,-3.41,2.19,12.52,29.91,44.33,58.88
1945-07-31,-13.8,7.94,18.27,-23.13,-26.54,-51.9,-22.08,19.88,63.74,17.4
1945-08-31,-4.52,11.57,19.7,-12.91,-26.35,-36.64,-17.48,11.95,49.65,24.7
1945-09-30,4.36,15.29,24.56,8.29,-24.65,-19.81,-11.31,17.35,3.68,15.88
1945-10-31,19.37,17.28,26.7,17.84,-8.9,-2.75,2.71,12.9,10.27,38.69
1945-11-30,32.17,18.12,27.43,18.1,-13.24,7.66,-1.39,4.67,4.9,11.59
1945-12-31,192.38,42.07,47.77,93.88,22.74,32.75,14.81,38.67,6.65,48.68
1946-01-31,22.35,11.87,30.31,24.48,7.54,18.82,-1.6,21.39,4.93,17.11
1946-02-28,-48.34,1.79,22.62,-4.38,-8.79,-22.83,-13.9,6.01,3.13,11.96
1946-03-31,-26.28,11.04,26.93,12.25,3.28,-4.18,-5.21,32.27,10.89,65.25
1946-04-30,-9.08,12.73,32.53,25.83,5.22,34.23,13.87,27.86,9.15,60.9
1946-05-31,-16.22,7.72,28.41,35.17,36.58,50.28,35.87,53.69,16.32,50.07
1946-06-30,-20.91,1.74,20.93,-14.14,-18.33,-40.77,-19.69,15.29,51.86,27.24
1946-07-31,-13.62,8.65,19.32,-23.07,-15.93,-45,-23.52,21.21,67.87,43.93
1946-08-31,-5.26,12.05,20.84,-6.94,-6.41,-23.27,-11.84,20.44,54.88,53.17
1946-09-30,3.65,14.6,23.92,9.73,-10.12,-13.59,-11.08,22.7,1.62,27.88
1946-10-31,10.03,13.79,25.81,12.29,-10.79,-0.42,-2.47,12.83,10.92,30.07
1946-11-30,28.13,16.17,26.81,25.08,3.23,11.12,8.42,10.3,5.55,50.47
1946-12-31,35.35,14.53,26.37,21.12,-1.95,6.89,-1.86,23.7,3.87,36.86
1947-01-31,-1.71,5.54,21.98,4.22,-7.34,-21.79,-15.09,16.25,2.58,12.72
1947-02-28,42.77,15.87,24.29,14.88,2.12,-13.87,-10.82,18.12,2.06,19.09
1947-03-31,47.33,22.14,24.8,24.94,13.69,9.39,0.35,27.12,8.92,52.19
1947-04-30,-8.35,3.28,18.04,10.91,12.78,16.9,3.62,35.16,4.47,47.48
1947-05-31,-12.11,-1.48,20.37,5.16,-0.23,17.61,0.34,26.31,16.91,57.53
1947-06-30,0.19,6.41,18.17,-4.12,7.77,-20.74,-3.63,23.58,61.91,47.3
1947-07-31,7.2,9.64,20.19,-0.98,16.96,-6.27,-0.28,29.88,75.56,81.09
1947-08-31,13.39,11.69,20.13,4.11,11.47,-1.98,-2.28,23.67,58.42,82.64
1947-09-30,18.41,15.56,22.61,15.82,-7.51,3.4,-0.7,21.53,0.11,34.74
1947-10-31,34.11,21.24,25.08,17.99,-10.11,-0.05,-7.09,11.13,12,36.95
1947-11-30,13.89,10.51,20.89,11.4,-12.73,3.37,-3.94,1.91,1.72,25.68
1947-12-31,11.59,7.83,20.27,12.63,-6.94,4.48,-4.92,4.95,1.52,26.24
1948-01-31,34.39,19.68,22.54,17.27,-5.9,-8.11,-10.61,7.06,2.66,38.31
1948-02-29,2.33,2.91,17.47,9.51,3.52,-13.46,-10.07,11.39,1.03,34.42
1948-03-31,42.43,13,24.74,31.59,45.75,-1.53,2.3,31.35,8.71,63.24
1948-04-30,97.51,38.37,33.24,45.38,16.73,25.78,4.52,27.51,1.31,65.43
1948-05-31,13.25,10.15,28.88,36.21,8.78,67.36,19.79,32.4,17.02,75.59
1948-06-30,-13.92,2.59,27.88,19.02,40.06,24.66,22.58,29.62,69.8,46.39
1948-07-31,-24.43,-4.45,17.05,-28.8,20.97,-49.11,-19.24,39.5,80.15,89.35
1948-08-31,-1.88,6.01,19.56,-7.76,14.53,-25.52,-10.17,28.79,62.33,94.55
1948-09-30,6.5,11.38,22.02,12.2,0.9,-10.12,-3.83,29.2,-0.4,39.6
1948-10-31,10.88,12.47,21.62,9,-19.05,-1.75,-9.37,9.47,10.59,43.38
1948-11-30,12.19,10.45,19.81,9.02,-18.82,1.58,-7.66,0.98,0.89,32.9
1948-12-31,38.21,14.08,24.47,21.52,4.4,5.48,2.71,11.46,0.65,34.52
1949-01-31,13.7,5.69,19.33,8.42,-8.79,-2.03,-10.42,3.48,0.5,30.79
1949-02-28,30.83,9.79,21.6,14.56,6.62,-10.44,-8.52,18.01,0.36,35.2
1949-03-31,163.49,36.64,38.08,60.14,32.25,32.46,15.93,42.36,6.66,68.3
1949-04-30,-24.13,4.58,28.79,8.02,5.31,15.54,6.37,39.29,3.22,63.15
1949-05-31,-16.03,0.47,25.33,10.06,-0.96,24.9,-2.9,29.6,14.49,68.61
1949-06-30,-16.41,-1.41,22.97,-8.25,23.06,-14.53,-0.65,38.97,68.3,64.3
1949-07-31,0.21,7.13,19.45,-7.74,27.27,-18.25,-3.77,29.41,83.25,114.72
1949-08-31,6.32,11.26,20.13,0.23,26.1,-8.38,-6.27,20.47,64.79,108.24
1949-09-30,13.88,14.79,22.36,14.93,-4.2,-0.61,-4.18,23.96,-1.96,42.79
1949-10-31,14.34,12.69,22.34,10.53,-27.32,8.49,-5.55,4.85,12.92,47.77
1949-11-30,15.65,11.7,22.44,15.02,-9.12,5,-2.19,4.32,0.56,38.05
1949-12-31,15.04,8.47,22.1,15.67,0.32,2.44,-0.46,11.84,0.26,35.97
1950-01-31,92.06,29.63,33.4,65.12,21.96,16.77,7.77,30.71,-0.06,26.47
1950-02-28,95.08,20.35,31.28,29.93,-3.59,15.13,-1.65,27.02,0.27,12.33
1950-03-31,-15.25,14.59,26.85,17.95,12.68,-1.14,0.56,37.28,6.93,55.95
1950-04-30,-1.19,10.45,34.42,33.54,9.04,51.95,14.89,34.37,3.62,39.33
1950-05-31,-3.14,5.99,32.05,18.05,6.52,24.97,-0.43,31.72,18.43,31.84
1950-06-30,-3.86,1.71,26.98,-7.61,15.61,-12.04,4.56,33.25,71.89,49.38
1950-07-31,1.67,4.31,20.69,-17.85,16.03,-38.08,-12.76,31.62,82.8,90.08
1950-08-31,8.96,9.71,21.04,-4.35,10.93,-16.25,-8.21,21.72,65.71,104.07
1950-09-30,17.07,14.95,25.11,16.03,-3.51,-7.8,-6.15,26.39,-1.81,40.04
1950-10-31,22.82,18.27,26.24,8.68,-5.21,-4.49,-2.76,11.73,6.83,25.33
1950-11-30,134.72,32.88,51.42,96.71,40.03,101.72,48.49,51.42,3.73,86.73
1950-12-31,133.08,37.78,53.71,126.32,53.02,108.15,70.03,73.17,0.72,-36.06
1951-01-31,33.73,20.29,43.57,17.42,-13.27,-77.54,-44.49,46.16,0.59,-20.15
1951-02-28,20.73,19.62,39.32,1.23,-2.65,-36.47,-14.78,33.84,-0.03,-9.97
1951-03-31,-37.89,5.97,34.44,-5.62,-16.57,-7.97,-7.88,12.27,9.81,38.16
1951-04-30,-50.44,-1.85,31.74,-22.1,-6.52,-26.63,-15.31,33.87,2.55,21.81
1951-05-31,-25.34,6.77,28.22,5.31,9.86,19.74,18.58,19.73,17.08,15.23
1951-06-30,-28.32,1.69,21.71,-26.25,36.09,-30.14,-10.85,26.42,73.12,43.79
1951-07-31,-7.71,12.34,22.41,-28,42.58,-38.67,-23.17,28.73,85.86,94.06
1951-08-31,-0.01,14.62,21.98,-14.41,39.55,-20.54,-13.18,21.08,67.47,91.79
1951-09-30,3.85,15.56,26.91,1.12,-14.4,-9.04,-10.16,13.97,-2.08,22.03
1951-10-31,10.34,15.6,29.66,6.46,-1.02,6.76,0.89,16.01,11.83,29.42
1951-11-30,25.47,17.67,30.44,12.69,3.12,-1.32,-0.08,9.68,0.12,15.25
1951-12-31,152.25,39.57,45.09,91.89,49.89,34.5,38.73,50.26,1.1,60.64
1952-01-31,190.1,34.22,56.04,131.71,47.43,30.82,35.78,103.09,1.8,75.39
1952-02-29,29.46,28.75,45.31,20.21,5.59,6.22,-4.55,53.13,0.79,-12.25
1952-03-31,-22.66,20.65,49.18,34.45,47.13,25.8,27.59,101.14,5,92.23
1952-04-30,-36.02,27.97,47.31,35.14,37.53,38.07,30.67,50.72,3.18,6.36
1952-05-31,-29.77,18.49,39.39,28.46,25.44,70.21,35.41,40.51,25.56,57.31
1952-06-30,-38.23,2.01,35.48,-21.36,-4.75,-39.05,-23.7,21.4,62.61,-6.99
1952-07-31,-32.97,-2.88,27.36,-69.18,-38.7,-98.74,-60.45,-9.97,85.2,21.66
1952-08-31,-14.13,4.95,24.49,-43.73,20.89,-56.48,-24.97,14.99,67.16,37.01
1952-09-30,1.45,14.7,32.33,-8.89,-8.53,-29.29,-10.49,20.49,2.35,13.51
1952-10-31,5.84,14.39,32.04,-4.26,-5.01,-12.43,-2.31,14.42,11.84,7.47
1952-11-30,9.05,13.61,31.14,4.89,-4.1,0.51,4.03,6.47,3.16,1.91
1952-12-31,182.6,43.94,43.68,93.45,48.61,23.18,33.33,43.6,2.91,35.13
1953-01-31,186.56,39.08,43.25,51.88,-18.5,8.84,-10.13,15.28,3.84,18.64
1953-02-28,-101.29,-3.14,25.93,-18.13,-7.08,-19.64,-15.32,15.32,4.58,6.73
1953-03-31,-50.34,7.67,29.88,-5.61,18.32,-34.82,-11.44,25.29,11.79,54.51
1953-04-30,-14.59,13.15,36.88,8.46,5.06,12.66,-1.79,28.51,4.15,42.64
1953-05-31,-1.03,11.92,29.26,1.26,-1.22,6.15,-5.12,17.95,12.32,35.93
1953-06-30,-7.7,13.07,34.68,4.09,32.65,30.7,15.43,21.94,75.67,63.57
1953-07-31,-12.63,2.74,23.94,-27.77,32.53,-33.08,-5.97,24.72,89.09,90.54
1953-08-31,-2.06,8.74,23.61,-16.06,33.59,-30.04,-11.98,25.24,70.9,99.39
1953-09-30,11.04,17.94,29.94,7.99,19.01,-15.03,-2.31,37.63,0.4,32.28
1953-10-31,14.11,14.53,31.31,4.17,-2.94,-0.62,0.01,22.3,13.76,30.36
1953-11-30,23,16.69,29.95,9.56,-1.14,-2.63,-3.3,7.34,2.39,22.13
1953-12-31,7.07,9.09,28.1,5.34,-3.89,-6.07,-3.3,7.59,2.43,16.12
1954-01-31,114,33.48,35.72,24.68,15.56,-7.73,1.06,20.36,2.5,35.53
1954-02-28,80.25,20.47,30.39,17.52,20.7,-6.35,-5.79,14.11,3.47,15.53
1954-03-31,45.64,21.86,33.91,31.66,24.11,37.33,24.93,28.71,9.8,63.09
1954-04-30,-13.49,15,34.73,12.77,-3.08,22.25,-7.3,21.55,3.85,51.41
1954-05-31,-43.46,-8.33,26.18,-6.54,25.05,11.42,13.08,39.03,8.4,34.47
1954-06-30,-24.64,-2.65,21.34,-38.29,-1.88,-49.14,-22.5,14.92,67.68,73.67
1954-07-31,-3.98,6.48,24.43,-25.34,12.9,-21.59,-9.78,22.19,93.17,106.18
1954-08-31,4.62,12.9,25.01,-11.49,14.55,-10.02,-3.6,21.83,74.91,92.21
1954-09-30,9.77,14.97,27.13,5.14,0.17,-1.77,-4,28.45,0.79,25.62
1954-10-31,11.42,13.63,28.94,2.39,-11.05,-0.21,-7.7,18.69,16.74,28.06
1954-11-30,34.78,18.69,30.56,13.52,6.33,2.14,-1.15,17.86,2.69,22.1
1954-12-31,66.82,19.25,34.96,46.96,14.07,15.37,10.75,19.46,2.57,26.53
1955-01-31,22.15,10.56,35.38,56.99,38.91,13.96,23.47,44.37,3.07,64.97
1955-02-28,-3.58,7.27,28.97,-1.1,-12.8,-4.93,-5.67,4.22,2.65,18.91
1955-03-31,-7.38,10.7,25.25,-1.36,-2.52,-7.8,-9.67,15.23,10.94,53.23
1955-04-30,14.81,12.84,32.38,2.29,8.59,-15.18,-4.14,41.53,1.83,47.34
1955-05-31,9.77,14.23,28.54,-3.09,-1.2,4.17,-3.63,21.04,7.42,52
1955-06-30,3.77,7.12,26.23,-9.19,4.91,11.01,2.2,26.57,72.86,105.35
1955-07-31,13.75,10.87,26.82,-13.21,5.04,-12.56,2.67,25.88,101.36,142.54
1955-08-31,11.59,12.61,25.7,-6.03,4.23,-6.47,2.06,23.23,81.3,118.67
1955-09-30,14.48,16.5,29.71,10.1,-0.66,-2.33,0.15,24.94,3.6,45.77
1955-10-31,13.24,13.38,29.39,3.39,-4.76,-3.54,-5.54,17.57,17.95,31.62
1955-11-30,19.04,16.52,28.27,9.88,-0.8,1.75,-0.2,11.66,3.14,24.8
1955-12-31,375.03,64.32,66.41,205.53,194.59,147.25,127.43,227.49,8.01,204.07
1956-01-31,170.97,32.46,61.44,124.96,20.93,61.72,43.08,84.64,3.68,40.12
1956-02-29,20.63,17.55,41.86,-25.73,-46.8,-61.62,-51.52,31.65,5.78,-2
1956-03-31,-130.46,10.94,37.06,-27.48,-27.9,-33.56,-24.78,31.08,15.16,9.17
1956-04-30,-46.64,9.53,41.87,-9.24,-8.58,-0.65,-1.26,33.1,4.64,21.23
1956-05-31,-4.41,22.24,39.83,40.56,40.06,58.64,43.85,38.58,9.94,33.57
1956-06-30,-29.27,1.58,33.7,-14.74,5.77,-9.78,7.3,37.45,80.05,87.86
1956-07-31,-12.47,2.93,26.23,-51.89,-38.95,-46.2,-36.67,9.18,110.47,104.17
1956-08-31,2.5,10.28,28.6,-27.62,-10.89,-36.05,-10.82,15.42,86.15,74.22
1956-09-30,16.85,19.78,37.34,-0.8,-4.69,-19.2,-7.61,31.99,3.51,12.54
1956-10-31,17.07,18.06,35.11,-0.04,-1.66,-7.01,-10.21,30.7,12.09,17.36
1956-11-30,10.88,14.2,31.67,4.52,-7.44,6.03,-0.14,12.64,4.55,15.63
1956-12-31,5.9,10.71,30.81,5.85,-3.16,-2.74,-1.43,12.42,4.1,15.47
1957-01-31,27.24,12.26,29.97,7.8,7.11,-12.94,-5.44,15.11,4.49,39.19
1957-02-28,95.98,26.78,32.98,17.89,5.18,-20.66,-12.13,9.74,4.87,21.16
1957-03-31,28.84,26.41,40.94,23.59,4.39,9.52,4.18,20.01,16.49,68.98
1957-04-30,-33.66,-1.37,28.73,-14.39,2.29,-14.82,-6.49,25.43,2.95,45.45
1957-05-31,24.53,20.02,30.5,6.9,1.92,22.63,3.23,23.96,15.34,58.31
1957-06-30,-9.16,1.78,31.27,-7.86,6.58,15.76,11.07,26.19,96.09,88.14
1957-07-31,3.69,4.87,27.99,-23.5,-7.78,-27.41,-6.6,26.63,123.11,139.39
1957-08-31,11.13,10.59,28.54,-12.14,-4.27,-15.37,-1.92,22.5,92.52,130.39
1957-09-30,19.78,20.29,32.7,9.05,-1.75,-8.81,-2.31,25.61,7.42,50.8
1957-10-31,34.01,23.22,32.13,12.73,-3.57,3.68,4.25,15.13,14.54,30.39
1957-11-30,11.06,14.4,27.54,10.9,-3.66,2.45,2.14,9.82,5.23,26.46
1957-12-31,45.48,20.36,31.1,19.01,22.12,-1.02,6.73,23.18,4.74,30.38
1958-01-31,140.96,26.29,36.72,43.21,24.71,6.3,1.97,35.89,4.77,40.15
1958-02-28,285.46,30.91,46.08,80.94,48.27,29.6,26.86,77.25,4.26,53.58
1958-03-31,21.31,20.23,52.62,71.48,95.78,58.67,65.01,148.55,6.71,153.1
1958-04-30,-69.04,19.43,57.82,51.37,56.6,54.22,48.61,129.98,8.49,105.55
1958-05-31,-73.6,22.32,44.38,1.32,-12.76,29.22,2.21,35.11,14.45,82.3
1958-06-30,-27.25,1.79,36.5,-34.1,-34.52,-35.39,-23.63,20.46,55.39,88.13
1958-07-31,-22.31,-2.38,27.82,-67.18,-64.87,-69.19,-37.49,-7.07,110.17,59.1
1958-08-31,1.64,10.08,30.15,-39.15,-24.23,-46.91,-23.43,8.62,93.16,47.47
1958-09-30,15.88,18.96,38.76,-4.68,-7.75,-20.35,-4.42,28,6.93,5.17
1958-10-31,12.51,14.84,37.47,0.07,-7.5,-2.57,5.39,16.05,9.37,25.93
1958-11-30,9.25,13.76,31.1,9.9,-5.72,11.87,3.14,11.37,6.71,21.26
1958-12-31,8.15,11.55,30.18,4.21,-4.8,-3.58,-11.85,9.87,6.99,23.17
1959-01-31,93.13,33.13,39.47,27.54,17.2,-10.58,-1.61,20.44,9.4,31.79
1959-02-28,125.08,19.1,38.22,35.19,32.02,-0.67,10.01,38.32,6.45,47.71
1959-03-31,-42.58,5.92,32.32,-10.52,-23.53,-14.69,-16.21,12.69,13.97,67.54
1959-04-30,-21.99,2.01,34.62,-16.7,-4.77,-21.96,-8.8,23.79,8.63,42.49
1959-05-31,-5.78,4.89,25.43,-16.02,-6.4,-13.51,-3.69,21.05,24.42,56.91
1959-06-30,3.83,8.38,27.69,-12.32,0.21,-4.76,2.61,24.7,119.35,116.67
1959-07-31,16.91,15.56,28.75,-10.96,-1.78,1.14,4.25,24.21,129.97,157.95
1959-08-31,20.84,17.8,28,-5.21,-5.43,-0.67,1.99,21.41,97.34,138.44
1959-09-30,21.89,18.33,37.03,10.59,4.67,-0.59,2.31,24,7.94,41.25
1959-10-31,14,14.09,32.17,-0.6,-8.17,-2.13,-3.86,15.92,14.88,32.84
1959-11-30,8,9.95,28.13,4.99,-6.85,0.42,-1.5,14.95,6.48,26.35
1959-12-31,11.77,11.8,27.9,6.43,-3.33,-1.72,-0.94,11.44,5.99,24.48
1960-01-31,49.88,19.07,33.06,17.78,10.72,-1.01,4.53,16.62,7.72,31.47
1960-02-29,139.26,29.92,37.4,35.6,25.48,-3.57,4.14,33.07,5.65,43.27
1960-03-31,2.17,22.1,33.93,3.22,-14.98,-15.03,-9.81,13.23,15.44,69.72
1960-04-30,-23.13,1.73,28.9,-6.59,2.49,-3.36,-0.67,27.45,5.96,53.59
1960-05-31,-6.05,2.9,24.63,-14.01,-4.26,-3.17,-1.45,25.39,25.96,65.15
1960-06-30,4.44,8.2,29.74,-11.98,2.46,0.48,5.01,27.02,121.69,145.66
1960-07-31,16.08,12.33,30.04,-10.61,2.21,1.67,6.59,29.23,129.35,178.54
1960-08-31,17.78,13.59,28.42,-6.25,-2.85,-0.13,2.1,32.24,95.12,128.88
1960-09-30,20.52,18.76,30.08,8.23,-3.62,-1.3,-1.54,31.46,5.38,39.18
1960-10-31,17.06,15.09,29.92,3.25,-6.59,4.65,-0.31,19.9,18.48,34.75
1960-11-30,38.64,22.6,34.11,21.25,17.77,12.77,13.46,26.96,6.12,67.01
1960-12-31,35.12,14.97,30.73,7.93,-10.14,2.66,-0.45,10.49,5.5,25.66
1961-01-31,46.38,9.99,28.46,20.34,18.7,0.83,4.08,20.82,5.9,25.73
1961-02-28,64.27,25.37,31.75,11.2,-7.89,-12.88,-12.18,7.45,5.06,24.54
1961-03-31,27.35,18.19,30.27,7.73,-2.63,-11.54,-4.39,20.03,16.83,72.32
1961-04-30,-14.74,2.9,28.62,-6.77,-5.01,-0.79,2.72,22.62,6.63,46.87
1961-05-31,-2.24,5.95,25.17,-8.45,-2.63,0.09,6.36,28.29,22.41,62.31
1961-06-30,7.42,9.85,26.18,-9.79,0.84,4.46,5.76,32.49,109.21,156.13
1961-07-31,15.83,14.06,28.83,-9.16,-0.32,6.48,6.84,33.76,128.93,170.34
1961-08-31,18.18,14.85,28.07,-4.41,-9.77,4.24,3.66,34.81,95.01,132.56
1961-09-30,17.01,16.8,28.29,6.88,-8.93,3.85,-0.04,31.18,5.99,41.58
1961-10-31,15.31,14.37,28.26,1.34,-10.8,3.36,-1.56,20.94,13.3,39.14
1961-11-30,24.57,17.03,29.93,14.36,5.05,7.04,9,20.35,5.81,32.75
1961-12-31,39.35,16.89,29.74,9.7,-3.95,-0.28,-0.91,15.19,5.26,32.04
1962-01-31,14.75,6.88,27.25,7.37,7.68,0.23,0.9,18.36,5.48,27.58
1962-02-28,195.5,36.94,45.21,108.88,126.71,70.52,74.02,157.38,8.46,226.65
1962-03-31,33.69,15.36,36.11,-1.42,-48.57,17,-1.15,8.46,6.6,17.61
1962-04-30,-35.08,11.78,37.49,-20.39,-31.85,-7.73,-14.32,36.19,9.51,28.4
1962-05-31,-18.57,4.95,28.63,-18.57,-5.98,1.3,0.71,27.22,18.75,52.93
1962-06-30,-4.28,7.87,34.79,-6.51,4.07,14.35,9.99,29.64,84.56,128.49
1962-07-31,7.98,9.11,33.02,-23.24,-12.77,-25.01,3.56,31.37,120.44,136.86
1962-08-31,15.61,14.21,31.27,-10.11,-7.1,-11.97,6.83,25.69,95.95,139.08
1962-09-30,17.83,18.5,33.56,7.28,-2.96,-7.82,2.45,33.25,10.89,73.28
1962-10-31,139.97,43.57,42.01,40.41,-6.74,2.7,3.92,20.86,13.74,38.41
1962-11-30,-29.95,5.5,28.28,-0.36,-6.47,4.61,4.39,17.37,8.17,28.41
1962-12-31,34.38,25.85,34.04,16.82,4.03,9.22,10.48,18.23,6.58,24.36
1963-01-31,51.3,12.36,30.79,15.9,22.82,-11.84,1.39,30.92,7.15,33.07
1963-02-28,113.85,24.11,43.81,68.15,44.61,62.48,36.24,53.63,6.37,44.73
1963-03-31,-4.65,8.52,34.12,-6.54,-16.2,-21.84,-13.97,25.61,14.42,73.38
1963-04-30,42.93,34.72,48.22,50.22,23.61,45.7,24.4,43.49,7,42.92
1963-05-31,-29.23,10.81,38.2,8.41,-0.33,40.16,7.03,23.75,18.58,52.64
1963-06-30,-37.97,-7.43,30.79,-40.7,-4.45,-20.43,2.46,33.29,84.65,107.98
1963-07-31,-3.5,4.88,30.32,-44.37,-14.22,-47.57,-12.33,27.53,122.36,134.12
1963-08-31,7.1,9.48,31.08,-20.78,-5.96,-27.34,-4.21,28.41,95.67,105.66
1963-09-30,13.58,19.59,35.84,4.58,1.97,-15.18,-2.59,31.49,11.17,53.28
1963-10-31,13.52,16.33,32.16,10.24,28.17,10.26,10.28,19.33,15.05,17.82
1963-11-30,48.44,27.94,38.35,30.41,13.99,12.26,18.11,25.2,7.63,33.27
1963-12-31,1.04,9.09,27.88,3.48,-12.4,4.68,-3.38,9.29,7.65,24.93
1964-01-31,56.24,15.2,32.37,16.01,1.72,-0.93,-11.2,17.49,8.71,27.35
1964-02-29,-4.35,8.66,26.61,-5.53,-12.19,-22.15,-14.63,13.63,9.06,21.82
1964-03-31,-4.55,7.43,28.07,-2.41,19.3,-15.44,-4.62,35.48,15.48,67.93
1964-04-30,7.01,11.62,34.79,-3.46,-4.28,-7.03,1.61,21.93,9.36,50.79
1964-05-31,13.11,11.67,29.7,-6.46,2.54,-3.62,2.74,29.4,22.88,66.15
1964-06-30,13.78,10.92,28.54,-8.39,8.24,1.57,5.81,27.31,96.4,135.27
1964-07-31,25.49,13.5,34.11,-8.44,14.07,1.78,9.94,30.99,124.65,159.93
1964-08-31,24.4,11.89,31.35,-3.76,3.25,1.88,6.41,25.69,93.11,140.29
1964-09-30,21.49,18.83,34.94,10.17,6.24,-1.17,1.57,31.18,12.89,68.25
1964-10-31,15.33,14.02,32.06,12.5,23.21,3.64,4.39,22.66,16.33,31.88
1964-11-30,37.83,20.32,33.39,21.52,11.3,17.43,22.13,21.26,8.65,35.54
1964-12-31,297.12,47.66,53.71,115.53,50.21,88.03,38.87,74.85,8.01,47.03
1965-01-31,153.57,27.69,51.08,61.95,12.9,48.91,25.71,52.86,8.57,14.65
1965-02-28,-100.86,5.02,35.58,-19.59,-28.29,-27.12,-21.45,20.27,10.12,13.81
1965-03-31,-67.74,-1.26,33.01,-14.75,-2.3,-23.77,-9.42,45.05,17.45,51.92
1965-04-30,15.67,27.72,48.95,31.51,14.71,33.12,20.94,44.17,5.31,55.55
1965-05-31,-22.82,2.45,38.07,-22.29,-13.45,-19.96,-5.38,28.15,19.39,63.9
1965-06-30,-10.83,0.72,35.46,-22.73,-5.94,4.05,7.66,26.64,82.09,123.44
1965-07-31,8.54,5.66,34.65,-35.4,-10.25,-33.36,-6.77,31.69,116.17,143.99
1965-08-31,18.59,12.22,33.75,-13.2,-7.35,-26.46,-2.24,29.71,93.96,129.72
1965-09-30,15.23,17.13,41.39,7.4,-7.64,-10.18,4.66,32.16,10.62,59.47
1965-10-31,15.57,16.2,44.89,10.5,-10.52,14.59,12.22,20.74,14.78,46.12
1965-11-30,58.29,26.57,45.35,51.89,81.29,30.66,39.98,72.63,9.19,73.23
1965-12-31,35.92,12.93,37.25,24.27,-11.5,19.66,5.83,22.86,8.52,45.74
1966-01-31,121.35,21.06,39.14,15.55,-24.74,-7.85,-20.07,23.51,7.93,16.87
1966-02-28,40.25,7.15,36.44,-0.55,-4.99,-13.09,-11.75,23.42,8.26,14.09
1966-03-31,-28.96,12.12,35.26,-3.58,-3.48,-25.28,-2.16,33.99,14.96,61.89
1966-04-30,-13.74,10.6,41.43,-7.89,-3.13,-19.69,-4.04,45.43,10.7,45.67
1966-05-31,-8.77,2.92,30.28,-14.69,-12.29,-9.82,0.23,29.18,21.53,78.64
1966-06-30,2.35,5.01,30.91,-14.65,-8.93,-0.66,4.6,32.59,81.96,112.24
1966-07-31,20.85,13.47,34.38,-11.58,-9.01,5.25,7.25,31.92,113.94,156.44
1966-08-31,22.84,11.47,33,-4.62,-10.86,5.46,4.36,33.78,95.77,151.44
1966-09-30,16.3,15.66,38.81,8.41,-7.8,1.79,1.54,34.73,13.29,76.08
1966-10-31,15.69,13.96,36.26,3.91,-11.57,9.1,2.74,26.72,20.29,44.6
1966-11-30,73.56,32.42,42.85,30.09,10.24,14.51,13.4,25.75,10.14,37.45
1966-12-31,134.38,26.71,41.03,56.65,41.95,55.37,36.28,65.65,9.82,137.45
1967-01-31,169.04,35.07,48.7,71.2,20.73,15.58,4.42,54.57,8.65,43.53
1967-02-28,15.61,0.87,35.37,-3.96,-13.87,14.24,-2.25,41.92,8.75,18.98
1967-03-31,23.54,27.19,47.8,30.08,9.83,26.3,18.22,59.35,18.31,52.72
1967-04-30,-14.24,22.46,54.44,57.72,90.59,53.94,55.37,152.31,13.84,146.75
1967-05-31,-7.61,18.85,43.9,14.34,22.04,22.35,12.66,64.52,26.67,163.19
1967-06-30,-12.64,7.99,37.79,-6.31,-18.58,32.71,22,34.41,70.76,144.93
1967-07-31,-17.86,-7.04,35.62,-46.91,-59.95,-44.14,-11.34,0.1,120.77,127.63
1967-08-31,3.67,3.27,35.59,-50.37,-58.04,-67.95,-37.1,8.79,97.97,85.45
1967-09-30,11.3,15.79,48.81,-12.8,-19.64,-30.66,-9.93,34.69,14.15,24.61
1967-10-31,11.54,15.25,46.7,-1.89,-11.09,-6.22,4.58,23.9,21.02,29.31
1967-11-30,7.41,10.57,36.49,6.97,-2.01,16.23,10.9,20.46,13.1,41.04
1967-12-31,13.76,12.01,36.42,10.14,-1.39,6.66,0.45,15.01,12.57,29.45
1968-01-31,91.05,22.99,40.37,21.69,2.52,-6.19,-6.33,17.15,14.06,21.1
1968-02-29,106.01,28.07,43.3,18.92,-2.13,-16.53,-4.25,24.21,12.07,7.56
1968-03-31,-19.83,6.93,38.82,8.48,5.57,1.88,4.03,33.72,21.56,65.46
1968-04-30,-34.73,-1.22,36.72,-12.47,-1.38,-13.78,-8.76,26.04,11.99,44.38
1968-05-31,-11.22,4.75,31.14,-17.6,-7.15,-11.92,-1.31,26.51,21.53,45.28
1968-06-30,4.97,7.01,32.09,-13.83,-1.34,-1.19,4.59,28.58,66.71,116.49
1968-07-31,20.28,11.73,35.94,-10.93,3.86,6.63,8.81,38.25,107.18,155.17
1968-08-31,21.84,11.94,34.61,-2.75,-0.92,4.32,7.6,30.85,83.54,136.16
1968-09-30,17.92,17.53,40.33,8.42,-9.8,2.52,3.39,37.21,15.27,71.77
1968-10-31,13.9,14.65,37.64,8.13,-2.18,4.37,5.34,24.85,13.46,38.4
1968-11-30,22.85,15.33,37.28,17.64,10.56,11.91,13.11,27.16,12.28,34.76
1968-12-31,89.8,23.64,41.06,35.75,22.96,25.17,28.75,44.55,11.84,37.76
1969-01-31,275.78,43.15,62.06,154.52,173.63,137.77,101.79,242.53,19.41,374.01
1969-02-28,153.42,38.84,64.74,81.19,89.84,49.55,66.5,208.47,18.07,300.17
1969-03-31,-113.73,10,57.6,-4.02,-38.78,-15.24,-21.59,90.47,17.49,93.44
1969-04-30,-41.22,21.77,61.46,-7.22,-41.97,-1.46,-5.63,51.44,20.74,88.99
1969-05-31,-11.48,13.71,42.82,12.82,16.94,60.69,31.55,62.78,39.07,111.77
1969-06-30,-26.39,-1.93,35.24,-21.48,0.26,-1.64,19.43,54.23,73.6,260.19
1969-07-31,2.48,4.63,39.42,-60.34,-88.68,-81.23,-49.05,-6.9,65.54,78.46
1969-08-31,20.5,15.72,43.34,-37.92,-38.67,-48.9,-20.27,19.49,68.04,60.36
1969-09-30,17.75,19.91,54.1,-4.29,-16.1,-10.56,2,39.51,21.07,20.15
1969-10-31,13.08,13.53,51.5,8.25,-6.31,12.06,11.4,28.24,22.4,23.33
1969-11-30,10.46,13.58,42.85,8.5,-5.39,-2.9,6.14,21.03,17.53,15.41
1969-12-31,153.63,43.07,52.67,38.16,-1.91,9.21,0.03,20.76,17.18,21.13
1970-01-31,304.81,47.89,67.55,109.41,73.89,82.37,44,72.8,21.1,44.45
1970-02-28,-9.32,2,51.55,-6.71,-19.94,-24.46,-14.81,27.08,16.71,-2.16
1970-03-31,-112.96,13.97,50.37,-9.88,-1.91,-10.33,-2.27,50.89,18.52,72.13
1970-04-30,-69.72,-8.21,43.52,-35.77,-28.98,-46.59,-18.34,16.86,14.31,43.31
1970-05-31,-29.51,2.42,32.18,-20.21,-11.47,5.9,1.07,23.3,20.08,47.63
1970-06-30,-5.91,8.57,34.04,-14.99,1.67,15.77,17.61,33.45,41.54,110.79
1970-07-31,16.34,12.61,38.9,-16.99,-7.99,-21.36,3.49,35.75,60.48,90.63
1970-08-31,25.5,15.82,38.66,-6.33,-8.04,-9.07,5.28,34.85,64.26,88.02
1970-09-30,20.16,21.22,48.54,8.11,-6.55,-6.01,1.39,40.84,16.63,47.69
1970-10-31,16,16.27,47.25,5.65,-3.89,-4.91,-3.44,27.59,17.84,39.22
1970-11-30,108.37,35.89,53.86,54.26,48.26,22.74,27.98,46.7,15.58,69.21
1970-12-31,150.4,34.34,57.43,56.78,19.04,44.65,24.94,37.63,13.81,44.6
1971-01-31,53.77,17.25,47.42,5.47,-15.16,9.47,-5.2,18.47,14.89,26.36
1971-02-28,-47.51,-1.64,39.65,-7.32,-2.41,-5.11,-4.33,23.17,16.93,7.22
1971-03-31,-10.55,20.52,47.45,4.71,7.16,-18.56,-0.4,46.6,16.84,84.2
1971-04-30,-7.03,12.83,49.78,-4.73,-8.99,-21.15,-4.99,45.55,11.43,35.42
1971-05-31,-0.35,9.26,33.66,-7.21,-10.09,-7.05,-0.91,24.06,15.99,59.45
1971-06-30,2.29,10.05,36.93,-10.06,3.48,22.74,6.18,36.3,33.73,113.05
1971-07-31,7.77,6.67,39.29,-16.3,-5.7,-9.04,12.3,34.77,46.77,114.29
1971-08-31,23.36,13.94,37.31,-6.47,-5.76,-3.51,10.94,32.82,49.73,101.09
1971-09-30,16.02,18.59,48.23,8.79,-5.19,-4.31,4.99,36.51,19.16,47.48
1971-10-31,9.85,4.84,44.43,3.02,-4.55,10.48,8.87,29.25,18.71,36.11
1971-11-30,13.02,11.84,39.1,8.41,-3.94,4.88,1.77,20.34,15.35,34.27
1971-12-31,55.26,19.65,45.38,34.59,31.96,30.51,26.52,36.67,15.02,61.51
1972-01-31,8.99,7.47,38.81,1.92,-6.34,1.41,-5.68,12.49,16.25,28.57
1972-02-29,20.65,11.51,38.42,3.71,-5.09,-11.95,-2.81,20.75,19.2,32.93
1972-03-31,6.24,14.18,42.4,4.47,20.75,-10.67,6.61,49.29,14.8,74.55
1972-04-30,-1.04,2.91,42.39,-5.09,-16.67,-10.83,-0.4,17.46,11.41,43.5
1972-05-31,9.05,3.9,31.28,-15.09,-3.14,-2.34,1.79,37.46,13.99,46.13
1972-06-30,18.79,9.59,34.13,-10.39,7.47,5.4,9.77,48.11,32.45,126.14
1972-07-31,27.9,11.55,38.44,-10.69,-5.19,8.69,13.51,45.46,41.43,143.22
1972-08-31,33.06,10.18,35.98,-5.59,-6.36,8.63,11.55,38.84,41.62,120.13
1972-09-30,16.64,13.79,46.38,13.07,2.16,6.49,14.38,41.43,18.57,39.97
1972-10-31,22.4,14.2,39.23,9.35,-11.79,14.44,4.27,25.8,20.28,37.7
1972-11-30,87.35,24.84,43.7,49.41,63.47,28.84,35.87,60.33,14.77,73.01
1972-12-31,35.32,12.95,38.59,10.52,-26.86,13.16,-3.75,12.07,13.44,35.18
1973-01-31,255.27,41.26,56.21,113.72,58.08,36.12,20.12,62.55,13.93,121.11
1973-02-28,110.18,33.2,58.09,76.84,72.47,26.55,31.57,103.12,12.46,94.63
1973-03-31,2.69,8.8,52.95,11.83,-17.76,12.24,-2.49,41.62,14.13,80.7
1973-04-30,-85.14,-5.52,46.36,-25.38,-14.84,-14.46,-5.63,61.74,20.07,27.63
1973-05-31,-27.09,2.68,34.6,-17.21,-29.17,2.2,1.61,16.25,15.91,61.45
1973-06-30,-15.97,6.47,37.12,-23.24,1.79,2.98,11.91,35.92,28.59,123.15
1973-07-31,15.76,13.51,40.77,-21.49,-5.37,-13.42,13.44,33.49,35.04,132.32
1973-08-31,24.86,15.21,43.71,-6.27,-3.07,-3.46,11.98,33.78,33.18,87.56
1973-09-30,14.54,18.89,54.39,7.31,-5.39,-2.36,7.96,41.67,17.26,31.07
1973-10-31,14.67,15.73,49.07,14.98,5.25,12.44,20.14,31.14,19.99,34.41
1973-11-30,167.29,55.17,64.58,54.64,9.17,6.81,6.47,29.66,15.99,38.45
1973-12-31,84.18,29.92,57.33,49.93,32.55,38.18,19.7,39.99,18.3,36.27
1974-01-31,170.18,27.35,56.97,51.37,34.76,35.19,17.93,61.86,14.29,79.47
1974-02-28,-85.06,4.46,43.45,-20.82,-22.05,-10.27,-11.15,23.55,17.83,12.69
1974-03-31,104.62,42.73,64.82,34.48,25.29,7.79,13.18,63.79,14.24,83.19
1974-04-30,-37.8,-1.39,48.46,10.62,-4.38,7.36,-4.89,32.2,16.6,39.24
1974-05-31,-80.2,-2.55,42.89,-21.76,-13.92,0.01,3.22,24.88,24.41,77.39
1974-06-30,-30.99,2.98,37.84,-26.2,2.13,-3.25,10.66,31.32,31.16,138.75
1974-07-31,4.42,12.25,47.19,-27.18,-2.46,-22.37,10.33,37.85,36,106.82
1974-08-31,18.74,14.88,43.46,-8.76,-1.83,-3.12,14.49,35.11,34.48,80.58
1974-09-30,8.45,16.24,54.61,8.26,-2.02,8.48,19.27,40.42,20.2,39.48
1974-10-31,6.77,14.02,48.2,13.64,-5.45,3.94,8.77,28.04,21.02,35.12
1974-11-30,8.38,14.66,44.53,11.62,-1.87,2.67,-1,20.43,17.52,33.12
1974-12-31,29.99,20.14,44.99,20.18,22.3,21.95,17.33,30.45,18.46,35.99
1975-01-31,-4.47,3.45,37.87,3.97,5.93,-5.5,5.95,20.62,19.59,38.27
1975-02-28,132.88,32.09,49.53,52.86,49.9,24.55,10.56,55.29,18.47,56.82
1975-03-31,126.86,28.64,54.03,39.67,26.15,12.38,14.06,45.62,15,89.51
1975-04-30,-68.41,2.11,42.44,-16.54,-28.67,-20.03,-12.89,20.8,18.39,39.28
1975-05-31,-20.4,10.53,39.94,-8.4,-12.58,16.1,-0.18,31.24,18.02,58.91
1975-06-30,-10.26,9.03,38.48,-10.37,7.64,17.55,12.2,31.47,29.44,119.31
1975-07-31,7.99,9.74,40.22,-33.21,-10.78,-26.38,4.45,27.38,36.33,95.82
1975-08-31,25.58,14.33,46.92,-8.06,-3.37,-13.88,9.19,30.53,37.9,91.9
1975-09-30,11.82,16,51.6,8.99,4.91,1.9,18.1,36.91,23.77,46.98
1975-10-31,20.24,16.04,45.64,21.19,7.26,27.43,15.93,26.71,19.03,35.76
1975-11-30,9.2,15.53,41.12,7.46,-6.78,-3.26,-4.65,18.54,18.77,31.96
1975-12-31,11.2,13.91,38.61,8,-0.84,-0.4,1.59,18.54,23.36,29.35
1976-01-31,-3.4,0.13,33.54,1.4,2.63,-7.44,0.32,21.67,16.68,48.17
1976-02-29,6.27,7.64,36.67,6.88,20.26,-14.96,1.98,42.06,18.17,100.8
1976-03-31,20,2.42,24.39,11.56,5.82,-3.93,4.46,21.27,15.49,50.15
1976-04-30,9.24,11.73,28.74,-2.48,-19.38,-10.27,-6.13,9.64,18.95,29.96
1976-05-31,15.32,10.12,32.71,-12.13,-9.69,-1.75,-1.24,31.56,20.88,30.05
1976-06-30,20.01,14.48,32.06,-10.23,4.12,7.99,8.09,42.32,26.23,107.14
1976-07-31,26.13,17.12,34.85,-10.49,0.98,14.89,11.9,39.69,34.95,120.32
1976-08-31,24.8,15.61,40.47,0.52,-3.21,11.86,9.55,38.89,31.04,118.32
1976-09-30,10.29,14.18,41.8,9.3,2.22,8.3,6.3,37.07,20.1,67.78
1976-10-31,6.87,10.7,28.32,5.72,-7.48,3.88,-1.16,19.27,13.46,49.47
1976-11-30,8.81,8.67,34.92,8.19,-6.44,2.52,-0.81,16.25,15.94,33.5
1976-12-31,8.55,7.82,33.74,6.8,3.69,1.42,-1.96,21.71,17.57,38.86
1977-01-31,16.47,11.68,34.8,7.24,4.41,-1.41,-0.94,21.5,10.5,42.8
1977-02-28,7.41,6.62,33.82,4.82,-7.18,-2.51,-4.26,12.61,14.63,28.78
1977-03-31,18.66,7.99,30.68,1.14,34.73,8.56,4.39,43.35,16.08,76.97
1977-04-30,15.81,16.51,25.13,-3.79,-5.17,9.06,1.64,6.93,10.69,33.09
1977-05-31,28.12,13.83,23.19,-8.22,9.93,3.38,-0.47,29.46,19.9,52.94
1977-06-30,28.79,15.95,27.68,-12.58,41.3,10.27,6.94,47.88,39.46,101.94
1977-07-31,42.53,21.99,29.56,-13.01,33.29,14.55,11.08,49.98,77.1,156.58
1977-08-31,32.28,16.05,26.17,-6.69,22.15,14.66,10.17,44.6,100.1,119.8
1977-09-30,12.6,16.52,32.9,6.57,-8.34,11.79,7.29,31.23,16.64,28.57
1977-10-31,6.96,11.23,28.38,3.07,-4.55,6.1,3.82,24.4,16.08,76.95
1977-11-30,29.35,15.2,32.52,14.27,-0.41,3.8,6.9,19.28,14.67,31.71
1977-12-31,52.79,20.08,36.52,28.35,30.03,15.12,19.94,40.28,15.26,106.84
1978-01-31,267.91,36.92,43.74,86.07,47.73,50.39,33.78,48.92,13.16,71.81
1978-02-28,89.97,15.59,38.05,40.52,64.76,57.7,28.18,90.06,15.22,205.54
1978-03-31,89.26,28.81,49.21,67.6,66.03,60.62,38.36,99.31,20.34,233.21
1978-04-30,-44.32,15.99,48.18,22.98,14.66,38.95,32.19,107.85,22.49,147.57
1978-05-31,-39.15,-2.27,40.37,-9.98,-27.88,42.23,26.13,53.44,25.69,154.71
1978-06-30,-27.43,0.76,32.83,-34.72,-31.63,-16.39,-9.44,24.09,45.41,94.01
1978-07-31,11.19,13.94,37.85,-44.81,-38.51,-29.91,-7.33,25.35,48.51,107.85
1978-08-31,22.45,15.02,45.27,-13.58,-14.12,-14.8,9.32,45.8,45.98,104.04
1978-09-30,12.3,18.29,52.4,9.59,1.21,-2.29,14.54,42.05,21.48,36.38
1978-10-31,4.4,11.27,46.39,2.82,-1.63,5.13,16.81,35.49,14.95,45.95
1978-11-30,15.01,13.72,41.58,11.72,3,10.17,13.91,31.51,19.84,25.94
1978-12-31,7.85,10.01,38.8,3.5,-10.65,10.03,3.5,22.19,24.98,32.95
1979-01-31,85.16,19.37,42.62,55.79,66.92,52.47,37.94,86.15,16.02,74.61
1979-02-28,78.51,24.29,47.84,45.85,20.06,26.13,19.89,49.83,18.19,21.02
1979-03-31,8.54,13.75,46.71,13.73,1.03,18.34,7.44,54.23,17.1,57.99
1979-04-30,-26.32,1.55,40.62,-27.67,-34.66,-38.62,-19.89,34.17,24.96,37.2
1979-05-31,-10.63,9.38,39.5,-5.12,-10.7,2.22,-3.41,45.67,36.5,81.58
1979-06-30,-1.15,12.82,39.62,-14.49,7.79,-3.74,9.76,40.66,38.9,96.71
1979-07-31,18.54,18.44,42,-13.39,2.63,-7.68,14.34,46.79,49.36,71
1979-08-31,21,14.62,43.63,-1.13,4.48,-2.54,13.85,43.27,42.12,54.77
1979-09-30,7.01,15.75,50.49,9.43,-0.06,-0.56,12.09,45.88,24.7,31.98
1979-10-31,22.47,15.7,45.11,15.73,4.82,14.67,18.97,28.23,17.73,64.54
1979-11-30,31.37,15.87,42.55,15.28,1.13,2.14,-0.58,21.86,22.59,31.2
1979-12-31,72.61,25.92,42.46,27.23,14.37,19.35,8.44,25.68,27.72,33.73
1980-01-31,185.08,33.3,60.2,114.91,124.19,98.69,78.03,114.01,20.2,195.96
1980-02-29,148.4,31.48,58.84,70.49,43.87,27.58,28.53,95.02,23.64,152.96
1980-03-31,-19.27,12.44,54.97,7.11,0.49,13.68,11.8,63.86,26.83,110.07
1980-04-30,-94.57,-5.18,46.24,-25.59,-46,-12.52,-29.45,33.81,33.33,78.26
1980-05-31,-50.73,2.67,45.13,-7.5,-6.61,4.35,4.28,43.08,30.69,71.36
1980-06-30,-14.29,13.7,40.48,-33.96,-19.06,-31.66,-3.09,20.19,36.3,70.29
1980-07-31,10.49,14.77,45.24,-26.71,14.05,-15.54,-3.58,59.68,52.58,102.16
1980-08-31,19.86,13.21,44.94,-11.45,-4.42,-23.24,4.26,38.53,44.29,80.61
1980-09-30,10.23,17.07,53.15,8.53,-0.52,6.18,22.05,39.47,26.21,25.13
1980-10-31,8.69,12.51,48.25,7.31,-5.21,2.6,9.02,27.91,13.8,53.77
1980-11-30,9.91,13.25,41.83,6.19,0.18,-1.23,-2.45,20.07,25.7,33.92
1980-12-31,37.84,21.45,42.38,13.59,3.01,1.73,4.58,19.36,33.5,29.08
1981-01-31,88.19,18.16,43.01,45.46,46.99,19.84,24.55,45.7,21.94,67.18
1981-02-28,-3.52,6.1,39.56,-9.56,-17.28,-13.98,-13.25,8.57,21.9,19.46
1981-03-31,41.26,19.78,48.27,24.62,42.81,4.12,13.8,49.51,25.88,91.32
1981-04-30,-21.2,4.99,40.08,-5.84,-28.72,9.79,-9.99,15.35,31.64,28.74
1981-05-31,2.56,10.6,38.84,-11.07,-13.48,-8.14,-1.9,28.78,33.71,51.83
1981-06-30,2.35,13.73,36.2,-12.2,5.66,3.69,9.99,43.35,39.23,76.97
1981-07-31,21.71,24.08,39.83,-9.6,1.71,4.55,13.75,60.67,47.13,51.06
1981-08-31,21.54,14.97,38.57,-2.09,6.16,9,11.09,54.18,38.49,67.73
1981-09-30,8.6,16.78,46.54,6.71,-3.35,0.46,5.6,32.38,27.02,34.21
1981-10-31,18.71,16.24,39.89,12.54,-5.07,-0.09,3.11,17.29,17.91,57.86
1981-11-30,130.82,45.36,49.14,53.37,41.33,14.8,21.25,32.34,26.21,35.97
1981-12-31,128.82,37.95,52.17,38.13,3.31,-0.01,-1.32,15.41,24.13,45.12
1982-01-31,98.15,12.32,50.37,46.41,37.66,21.77,20.68,39.93,17.55,49.65
1982-02-28,34.71,20.83,57.24,33.05,5.71,32.03,15.72,24.14,22.32,11.56
1982-03-31,22.9,28.71,66.54,68.77,79.24,45.42,56.92,80.9,26.04,128.14
1982-04-30,43.9,28.51,70.86,52.78,68.96,23.28,53.8,125.67,28.71,129.57
1982-05-31,-82.96,2.15,52.13,-13.27,-38.87,-8.24,-0.85,16.64,38.33,101.95
1982-06-30,-44.97,-2.14,35.84,-48.23,-47.94,-11.21,-34.47,12.94,34.97,60.36
1982-07-31,-14.23,9.1,41.33,-42.27,-24.44,6.43,-4.14,29.02,51,80.67
1982-08-31,13.96,18.46,48.75,-17.03,-9.54,-0.85,-2.03,42.61,40.88,85.2
1982-09-30,23.46,21.38,53.89,15.49,2.45,11.53,18.21,39.45,26.67,31.64
1982-10-31,9.97,14.84,52.53,26.21,2.96,13.84,18.05,28.86,19.58,41.04
1982-11-30,71.05,32.24,62.59,44.5,56.63,-2,16.34,78.26,28.08,84.16
1982-12-31,103.57,25.56,65.69,61.08,57.2,32.96,49.45,112.13,24.05,76.85
1983-01-31,131.26,20.46,58.48,74.86,77.74,19.1,43.74,144.48,22.68,150.72
1983-02-28,188.49,36.41,71.64,65.74,20.8,3.87,20.8,144.91,27.87,93.65
1983-03-31,205.95,33.92,88.39,80.03,87.4,58.55,63.37,228.16,32.3,166.1
1983-04-30,-195.55,17.8,78.65,5.93,-35.68,47.25,8.23,74.03,41.68,91.09
1983-05-31,-76.95,19.29,71.58,-3.3,-32.46,22.25,12.94,45.12,44.37,95.06
1983-06-30,-42.44,8.81,57.68,-12.84,13.25,-20.62,-2.98,82.45,60.72,158
1983-07-31,-24.7,2.97,59.73,-28.23,-28.77,-1.28,-7.3,48.97,58.12,88.59
1983-08-31,1.46,8.38,58.53,-34.2,-56.93,-25.98,-23.04,28.68,43.43,52.2
1983-09-30,-2.7,14.64,66.43,-1.16,-6.7,-5.09,15.18,58.46,34.58,36.93
1983-10-31,0.52,14.89,61.63,3.93,-2.53,4.41,14.9,42.87,25.79,37.96
1983-11-30,147.75,44.27,80.62,44.66,17.64,-4.07,-2.34,52.26,33.46,33.36
1983-12-31,226.95,39.28,77.55,74.58,63.96,54.82,51.49,100.85,30.28,83.44
1984-01-31,-53.04,0.2,60.45,1.79,1.75,30.5,19.53,56.08,24.55,-2.53
1984-02-29,-82.82,2.31,54.4,-25.74,-39.94,-36.43,-17.18,6.44,27.54,-49.38
1984-03-31,-41.08,13.01,57.86,-10.94,-9.08,-28.48,-11.47,48.76,42.05,45.85
1984-04-30,-37.95,3.1,55.84,-31.71,-30.25,-40.69,-24.66,33.38,39.55,8.82
1984-05-31,-17.91,9.51,37.59,-21.88,-10.11,-16.47,-2.78,38.06,32.55,46.49
1984-06-30,-1.25,15.46,39.25,-18.27,-5.81,-14.53,1.65,53.31,32.81,34.99
1984-07-31,16.98,23.69,47.82,-11.78,-5.93,1.59,10.83,46.96,51.51,43.77
1984-08-31,20.8,17.8,49.78,-3.41,-1.02,2.3,10.74,40.57,38.8,54.92
1984-09-30,8.54,19.18,58.71,8.15,-2.97,-0.2,5.99,37.57,30.41,17.2
1984-10-31,6.8,13.98,49.07,12.18,-0.31,11.08,9.98,32.83,17.36,49.33
1984-11-30,103.87,36.54,56.84,45.56,28.84,9.57,17.69,32.07,26.25,36.34
1984-12-31,16.67,12.42,50.57,20.42,21.94,22.35,17.13,31.87,22.04,55.82
1985-01-31,-20.12,0.79,41.07,-4.23,-13.47,2.59,-8.69,14.17,21.12,22.04
1985-02-28,4.92,10.53,44.59,-1.16,-5.25,-13.2,-7.5,21.2,21.89,19.47
1985-03-31,9.12,12.87,47.59,15.22,22.68,-6.48,9.61,54.1,28.38,68.11
1985-04-30,-25.59,11.99,47.22,-4.29,-23.89,-8.82,-8.71,9.31,35.21,17.41
1985-05-31,-1.8,15.15,37.89,-9.72,-7.76,-10.58,0.56,27.87,30.9,44.81
1985-06-30,6.46,17.62,36.81,-10.16,-3.61,1.57,7.92,41.24,36.09,69.16
1985-07-31,18.15,20.82,40.94,-5.83,-2.36,28.85,14.53,47.12,54.86,72.94
1985-08-31,20.7,15.82,40.81,-2.45,-1.12,12.61,10.12,39.12,38.71,54.08
1985-09-30,12.4,15.73,49.54,5.1,-4.68,-14.07,3.36,34.13,29.22,17.6
1985-10-31,-1.37,12.57,41.96,3.68,-13.95,-6.26,2.48,18.73,16.72,46.59
1985-11-30,35.58,20.13,43.25,22.82,25.37,2.47,15.42,35.5,22.78,57.49
1985-12-31,25.38,10.34,39.72,10.3,-9.95,-1.45,0.2,12.35,22.6,19.61
1986-01-31,63.11,17.13,41.54,20.84,0.93,-2.36,-7.65,21.26,23.05,32.73
1986-02-28,302.88,50.08,71.54,127.62,131.15,52.62,54.02,124.06,19.88,107.82
1986-03-31,107.24,25.65,72.32,74.43,64.6,88.04,67.49,88.99,28.91,157.79
1986-04-30,-181.5,-5.01,50.45,-23.44,-43.19,-19.02,-3.28,41.6,37.36,58.66
1986-05-31,-68.94,0.99,39.04,-34.8,-54.39,-31.21,-22.13,-7.87,37.65,62.72
1986-06-30,-33.01,10.33,37.05,-35.4,-23.6,-11.65,-10.47,35.86,38.8,41.95
1986-07-31,3.1,19.61,44.61,-29.9,-18.98,-17.68,-6.64,42.38,51.38,59.85
1986-08-31,8.17,15.72,48.18,-8.89,-9.14,5.54,3.89,41.52,40.73,63.74
1986-09-30,11.5,22.19,54.53,9.39,-5.53,6.31,8.68,38.52,28.6,8.8
1986-10-31,0.13,14.85,50.25,0.29,-6.81,-8.32,5.52,33.83,14.64,39.83
1986-11-30,2.5,13.05,44.18,4.3,-7.82,-11.12,-7.58,20.11,25.2,22.6
1986-12-31,5.61,13.7,46,10.07,-4.08,17.34,13.93,16.15,26.75,26.94
1987-01-31,11.83,13.79,46.82,9.62,9.77,-9.92,-3.77,22.18,27.47,35.91
1987-02-28,22.67,10.68,44.13,12.58,28.06,-6.2,-4.29,35.16,21.28,41.26
1987-03-31,19.41,18.81,48.94,21.22,27.8,8.02,12.39,38.68,25.73,47.47
1987-04-30,-13.42,6.5,43.67,-7.99,-30.15,0.93,-2.86,5.84,31.8,16.57
1987-05-31,-4.31,10.92,30.61,-8.65,0.67,-6.88,-0.22,32.27,29.03,51.74
1987-06-30,1.64,16.26,34.34,-8.08,10.06,0.21,4.77,35.29,32.44,66.54
1987-07-31,18.65,20.72,38.05,-8.59,12.16,1.85,10.18,40.88,46.32,79.88
1987-08-31,16.5,15.66,38.77,-2.48,6.52,5.26,11.56,40.72,32.93,75.61
1987-09-30,2.47,14.75,46.57,6.05,-8.07,3.85,5.55,35.08,26.96,22.5
1987-10-31,3.99,13.41,39.15,4.93,-0.71,-13.09,2.61,20.48,20.28,47.35
1987-11-30,11.57,14.98,38.16,9.65,2.11,-0.88,2.01,17.27,21.76,25.88
1987-12-31,74.71,26.58,42.32,29.02,9.03,-1.97,10.43,20.39,23.24,30.72
1988-01-31,64.86,13.94,34.8,31.98,18.77,-5.72,-1.9,25.92,17.21,42.27
1988-02-29,-33.95,3.97,36.16,2.71,10.3,-4.62,-2.09,26.79,23.06,51.93
1988-03-31,-15.01,12.52,40.32,9.29,8.62,28.86,9.59,34.91,18.21,60.23
1988-04-30,4.06,19.07,43.36,11.47,-2.04,6.28,9.15,19.6,29.48,38.39
1988-05-31,1.49,12.91,31.32,-2.98,9.68,-4.99,-0.58,20.41,16.71,27.83
1988-06-30,0.76,17.36,31.74,-8.23,36.64,2.78,7.79,28.55,21.74,49.17
1988-07-31,12.2,23.6,37.67,-5.92,45.38,3.89,15.66,33.89,39.31,104.42
1988-08-31,12.64,16.72,36.63,-3.39,31.89,3.89,11.5,40.29,27.02,90.53
1988-09-30,8.56,18.43,43.57,6.21,-7.49,-0.61,8.87,22.67,25.05,26.53
1988-10-31,6.7,15.94,35.11,2.2,-10.4,-0.65,2.84,16.1,1.92,75.98
1988-11-30,25.15,22.17,39.68,14.83,0.46,-1.82,7.71,16.59,19.93,31.33
1988-12-31,22.85,9.39,35.7,17.38,11.51,0.08,12.46,21.27,18.88,45.62
1989-01-31,0.78,5.81,33.09,3.33,-9.44,-11.32,-4.77,8.64,25.46,22.75
1989-02-28,3.78,14.6,35.83,5.67,13.8,-7.28,3.91,26.98,20.74,52.59
1989-03-31,79.89,45.53,50.62,44.57,32.26,24.92,14.46,36.92,22.82,69.81
1989-04-30,-38.65,0.35,34.74,-6.92,-15.34,12.63,11.93,7.16,27.68,24.63
1989-05-31,-11.71,7.73,33.24,-8.26,29.6,2,8.83,34.18,25.01,53.54
1989-06-30,2.04,13.91,32.62,-8.93,45.7,-1.36,11.66,30.83,29.93,87.27
1989-07-31,17.23,23.17,38.61,-8,46.33,-2.28,15.76,38.77,41.1,62.21
1989-08-31,13.3,18.13,39.98,-1.54,40.05,-7.76,14.37,39.02,32.46,62.55
1989-09-30,25.07,16.9,38.63,12.5,3.95,-5.98,7.83,22.07,24.96,29.17
1989-10-31,1.63,17.08,34.41,7.83,-1.94,-2.78,5.22,16.34,15.24,47.15
1989-11-30,0.72,13.98,36.54,5.99,-4.14,-4.98,1.66,15.94,22.07,27.9
1989-12-31,-1.03,14.05,33.78,4.03,-3.55,-3.35,1.22,16.45,21.66,25.4
1990-01-31,30.64,20.43,37.38,12.45,9.83,-5.5,2.9,19.03,17.92,38.17
1990-02-28,7.21,5.91,32.65,3.76,2.86,-5.57,4.7,16.79,26.99,23.33
1990-03-31,-2.94,13.14,34.04,12.88,45.89,17.65,5.44,45.04,18.92,63.58
1990-04-30,3.56,17.69,32.95,-2.1,-2.32,1.28,10.62,17.26,21.49,30.76
1990-05-31,16.84,17.87,32.33,0.99,27.77,-2.77,9.54,27.81,21.34,56.87
1990-06-30,8.29,11.45,33.07,-12.83,53.51,3.03,6.63,31.25,28.16,80.87
1990-07-31,18.47,18.06,39.71,-8.52,43.82,6.3,14.6,40.38,45.82,78.38
1990-08-31,22.16,19.36,37.08,-2.25,38.34,0.51,13.16,38.93,48.74,77.8
1990-09-30,9.05,16.86,40.49,3.19,-4.81,-6.84,6.7,25.6,20.79,28.24
1990-10-31,14.5,13.96,32.93,0.88,-5.16,-0.17,5.96,24.39,2.08,54.76
1990-11-30,4.82,14.04,31.92,6.65,-3.65,-1.69,3.05,17.6,25.64,27
1990-12-31,15.95,17.98,33.38,8.07,-3.64,-4.09,2.36,15.63,18,25.84
1991-01-31,7.62,11.32,32.51,5.56,-3.93,-2.01,3.39,15.91,13.33,37.98
1991-02-28,21.61,11.1,33.41,7.16,3.98,-5.13,5.02,18.19,16.91,24.11
1991-03-31,115.64,32.28,47.71,72.13,116.71,17.45,50.47,82.03,20.23,301.96
1991-04-30,-30.51,0.51,22.27,-30.57,-53.45,-6.03,-12.68,-22.95,11.41,25.21
1991-05-31,-0.05,9.16,31.57,-23.85,21.17,-0.5,-0.25,25.37,28.32,35.77
1991-06-30,7.58,15.39,33.33,-14.41,59.57,-0.24,5.89,44.81,28.32,103.58
1991-07-31,11.79,16.1,37.16,-11.89,59,8.7,13.7,48.82,51.41,102.78
1991-08-31,21.97,14.26,36.61,-3.27,43.39,2.19,13.15,43.03,62.45,90.75
1991-09-30,12.16,19.63,40.99,4.46,-6.08,2.76,7.13,28.2,16.05,29.8
1991-10-31,9.83,16.72,34.03,13.89,-0.41,3.87,8.97,22.15,11.56,74.44
1991-11-30,3.25,12.76,31.62,7.12,-2.38,0.93,1.03,20.04,22.25,28.01
1991-12-31,21.42,18.85,33.3,11.2,4.22,-2.76,3.84,17.64,14.69,33.03
1992-01-31,15.29,12.29,31.79,7.57,-0.65,-1.94,-0.71,15.73,14.24,29.39
1992-02-29,103.65,26.68,38.75,57.82,53.69,9.13,25.01,48.71,14.87,92.07
1992-03-31,11.9,8.86,35.5,1.14,-11.97,-5.85,-5.01,9.1,12.02,48.89
1992-04-30,-33.44,5.08,34.08,-11.74,2.73,12.63,7.35,23.66,12.34,35.15
1992-05-31,-0.51,8.88,34.54,-11.48,35.01,-2.43,10.56,32.34,30.49,46.75
1992-06-30,2.83,15.38,34.71,-9.4,59.16,-3.21,6.67,34.92,33.04,88.11
1992-07-31,14.91,17.55,37.8,-10.73,59.9,4.37,12.28,42.58,70.6,92.63
1992-08-31,21.99,17.67,36.74,-1.85,56.04,4.32,10.58,45.32,77.67,97.88
1992-09-30,12.34,21.84,39.49,4.21,-2.85,6.71,6.82,27.44,14.62,27.94
1992-10-31,12.62,15.26,34.75,13.25,6.45,7.01,8.92,20.26,9.88,66.68
1992-11-30,-0.54,11.63,28.85,12.51,-0.2,-0.49,2.2,19.48,15.83,25.03
1992-12-31,90.28,27.36,40.45,43.75,32.37,4.82,17.28,33.13,13.52,57.2
1993-01-31,190.44,36.5,42.65,132.23,103.64,25.42,40.23,73.26,13.48,150.63
1993-02-28,13.09,22.48,39.57,63.41,7.23,-10.62,-1.35,23.93,14.08,92.08
1993-03-31,16.37,32.35,50.11,19.68,-0.72,-5.15,1.99,21.28,16.94,54.87
1993-04-30,-30.53,6.33,40.58,-6.46,-6.87,19.01,16.01,39.19,19.74,28.6
1993-05-31,-7.88,10.06,46.6,-0.89,12.14,21.91,8.28,24.46,27.05,87.11
1993-06-30,-10.42,17.38,35.25,-13.11,50.88,-5.05,9.03,41.54,32.91,104.61
1993-07-31,-2.88,13.73,39.21,-15.4,56.54,-0.73,11.43,45.29,36.03,112.53
1993-08-31,4.23,18.51,41.38,2.08,46.28,4.2,17.94,40.93,35.08,92.06
1993-09-30,1.44,16.67,44.02,9.6,5.85,4.95,18.1,34.22,21.95,47.48
1993-10-31,0.41,16.27,45.1,6.31,3.72,11.68,5.46,34.89,14.67,69.63
1993-11-30,9.12,15.41,41.95,4.67,-0.6,-13.04,-9.04,20.1,20.99,30.72
1993-12-31,23.3,22.78,43.04,9.26,5.4,-3.76,-1.05,18.04,21.84,30.26
1994-01-31,13.95,9.21,37.19,12.25,14.44,1.96,3.24,22.84,16.33,31.99
1994-02-28,42.49,14.84,39.02,33.15,33.65,-2.22,3.23,36.6,18.36,54.7
1994-03-31,-18.84,10.3,39.56,2.9,-0.48,18.78,3.13,26.18,21.73,45.8
1994-04-30,-8.96,15.43,43.98,2.67,0.45,1.75,11.14,23.61,22.26,28.83
1994-05-31,10.5,17.15,37.6,-0.72,19.24,-1,8.12,32.29,21.59,52.99
1994-06-30,-1.67,20.55,36.46,-7.81,52.51,1.04,6.69,43.42,34.7,99.66
1994-07-31,15.76,25.45,40.91,-6.57,52.65,9.9,14.28,45.62,46.05,105.23
1994-08-31,11.52,21.97,37.87,0.97,51.82,6.29,11.26,39.16,54.3,102.84
1994-09-30,11.44,25.5,45.72,11.05,-2.28,1.12,6.38,26.17,19.09,33.24
1994-10-31,-3.68,15.43,34.03,3.92,5.77,5.12,5.61,22.6,13.99,55.27
1994-11-30,32.5,20.66,41.21,16.05,8.77,-1.05,5.28,19.21,17.11,35.22
1994-12-31,27.5,18.76,41.02,15.46,-0.8,-1.67,-0.49,14.74,17.86,30.82
1995-01-31,350.54,59.75,55.1,169.85,144.69,48.05,67.47,102.38,18.81,203.91
1995-02-28,-52.02,11.15,38.58,-6.92,-58.08,2.5,1.19,-8.52,22.16,16.33
1995-03-31,175.78,43.85,66.4,109.59,171.64,44.6,91.55,145.29,23,264.42
1995-04-30,-149.58,20.89,55.73,7.68,-7.5,27.67,19.56,38.2,26.69,117.81
1995-05-31,-24.2,21.72,61.61,19.49,48.87,29.89,36.66,66.02,30.23,154.27
1995-06-30,-50.54,11.88,47.32,-28.67,-18.4,-26.2,-15.53,7.56,31.36,114.78
1995-07-31,-25.98,7.71,43.15,-28.87,58.27,-14.78,5.18,76.79,40.61,121.64
1995-08-31,-11.53,11.76,44.44,-39.42,-42.39,-26.04,-24.39,7.62,37.04,79.82
1995-09-30,-4.59,22.92,53.6,-8.96,-19.74,-1.19,5.46,31.67,25.93,35.73
1995-10-31,-6.24,12.74,46.83,-3.85,1.84,1.68,8.18,35.63,18.63,73.8
1995-11-30,-2.32,14.13,41.57,-9.19,-9.96,-19.02,-19.44,22.61,23.23,30.94
1995-12-31,96.93,34.22,50.11,38.53,25.72,-2.39,10.9,28.06,25.14,38.33
1996-01-31,97.57,20.96,39.78,59.88,46.47,2.06,8.78,38.87,22.5,51.71
1996-02-29,183.05,42.29,54.39,117.99,77.28,67.02,64.1,71.13,19.15,96.25
1996-03-31,-69.84,14.59,51.25,28.89,12.83,41.46,20.18,49.4,23.56,54.06
1996-04-30,-52.25,12.7,51.01,-10.79,-12.95,-22.85,-14.61,36.62,30.3,61.28
1996-05-31,-3.09,24.66,57.79,10.18,32.13,7.88,24.99,45.76,33.68,117.11
1996-06-30,-31.78,5.67,38.66,-39.68,-1.21,-27.27,-18.14,19.42,32.15,79.65
1996-07-31,-7.47,16.67,45.31,-28.73,24.44,-14.11,0.19,49.09,42.96,74.12
1996-08-31,8.95,17.94,51.01,-5.4,31.76,-7.96,10.43,55.24,37.74,84.83
1996-09-30,-1.96,18.33,50.19,2.45,7.31,-6.4,9.91,45.48,28.07,35.56
1996-10-31,-7.41,15.24,44.1,9.94,13.45,4.06,11.65,37,22.24,45.26
1996-11-30,7.55,19.56,44.43,15.42,10.97,1.79,8.88,22.69,22.41,42.36
1996-12-31,140.24,63.15,68.23,144.86,136.81,95,93.07,136.1,22.27,127.51
1997-01-31,282.27,9.33,61.09,167.41,206.63,116.94,138.33,264.28,20.72,256.97
1997-02-28,-67.99,14.22,60.15,-1.22,-52.62,-6.06,-27.93,59.9,22.07,103.84
1997-03-31,-102.82,7.72,51.67,-42.09,-86.41,-70.97,-68.27,0.62,23.35,38
1997-04-30,-54.76,6.23,58.2,-44.36,-36.34,-49.59,-27.87,30.23,31.11,34.13
1997-05-31,-19,13.35,36.4,-21.89,7.78,-9.85,0.34,32.15,32.32,84.27
1997-06-30,-0.59,22.64,42.75,-22.72,24.2,-11.31,0.32,42.85,25.01,83.79
1997-07-31,3.62,27.25,48.35,-17.13,37.48,-11.38,12.22,57.64,38.8,73.58
1997-08-31,9.93,18.99,53.37,-1.53,42.86,-4.5,12.49,61.44,30.93,88.45
1997-09-30,-2.16,20.1,54.3,7.25,10.06,2.57,10.29,47.82,28.5,52.58
1997-10-31,0.37,19.06,49.8,1.7,3.15,12.83,8.88,37.75,14.97,56.78
1997-11-30,45.7,26.31,53.03,25.71,29.48,-2.26,15.51,34.09,21.16,45.56
1997-12-31,26.52,15.64,48.7,21.48,13.83,-8.92,1.3,20.92,20.91,37.81
1998-01-31,184.17,38.94,55.81,122.36,89.22,43.57,43.47,67.04,15.28,90.44
1998-02-28,336.69,22.18,67.52,195.57,213.6,80.52,120.16,224.05,20.02,317.68
1998-03-31,-42.22,38.05,73.1,16.64,-57.78,-2.73,-16.76,28.82,26.47,156.39
1998-04-30,-140.03,19.94,65.67,-1.52,18.69,1.24,9.62,97.43,30.29,112.24
1998-05-31,-37.32,34.67,71.18,12.94,37.73,-3.26,7.87,63.09,23.07,135.61
1998-06-30,-16.28,19.05,60.07,-4.2,49.93,10.88,23.24,77.91,19.94,116.87
1998-07-31,-23.99,8.65,57.2,-26.06,10.5,1.23,3.43,52.58,32.2,106.93
1998-08-31,6.7,17.12,61.43,-33.41,-44.52,-17.44,-19.65,21.55,23.61,61.47
1998-09-30,-2.01,23.6,57.74,-14.5,-13.87,-3.26,3.05,39.34,23.48,17.23
1998-10-31,-3.95,16.71,51.81,-4,-2.02,-8.95,-0.79,43.72,19.26,65.4
1998-11-30,27.18,30.62,56.16,-0.67,-2.41,-28.08,-10.01,30.74,24.27,69.73
1998-12-31,34.46,32.64,55.72,10.52,13.18,0.71,11,34.93,26.47,81.33
1999-01-31,16.73,17.16,50.2,38.86,42.84,19.37,18.33,38.33,19.33,121.7
1999-02-28,159.31,32.68,64.59,70.83,20.88,50.42,33.27,28.67,15.2,18.07
1999-03-31,40.98,21.88,57.42,0.89,-1.03,-11.61,-3.46,26.86,18.04,55.22
1999-04-30,-75.36,6.84,55.26,-11.25,11.45,-16.66,0.87,16.21,25.66,18.42
1999-05-31,-32.09,3.27,51.58,-18.81,15.7,-5.61,1.44,37.44,21.25,53.99
1999-06-30,-14.89,14.08,41.37,-28.71,20.18,-12.11,-4.97,39.9,19.88,62.98
1999-07-31,13.63,25.94,49.71,-18.75,37.64,-8.27,11.46,57.89,30.38,72.56
1999-08-31,10.01,18.16,52.68,-6.74,33.29,-4.46,12.48,53.39,19.45,68.94
1999-09-30,5.25,21.36,53.63,3.56,8.36,-6.43,9.81,43.98,24.18,26.66
1999-10-31,1.44,19.27,49.63,0.25,7.07,1.3,9.13,37.99,17.98,55.93
1999-11-30,12.67,21.85,45.29,9.51,3.78,-7.78,-0.7,21.74,21.72,35.71
1999-12-31,2.01,19.7,42.52,4.89,3.07,-6.03,-0.93,21.06,21.65,32.49
2000-01-31,64.24,29.74,50.64,48.51,56.29,6.48,14.59,41.67,19.52,38.5
2000-02-29,158.24,31.81,60.25,111.87,90.67,44.93,52.2,63.79,21.98,107.32
2000-03-31,-10.3,9.96,55.29,14.25,1.42,36.34,22.54,41.3,20.93,40.03
2000-04-30,-58.45,16.56,50.6,-23.43,-18.17,-26.7,-20.19,22.22,22.77,26.42
2000-05-31,-16.62,10.8,50.89,-18.04,12.83,-5.51,-2.8,36.27,23.65,65.58
2000-06-30,-11.15,17.59,40.26,-26.38,22.29,-12.07,2.35,45.59,24.99,98.32
2000-07-31,12.79,25.24,46.5,-19.28,36.68,-10.93,13.21,53.93,35.53,87.64
2000-08-31,10.19,19.14,50.85,-6.03,30.41,1.58,17.6,56.81,23.4,61.28
2000-09-30,5.41,20.54,52.7,5.08,10.39,-3.18,9.58,43.77,22.71,25.13
2000-10-31,11.44,19.23,47.83,17.32,20.83,3.63,14.29,41.61,13.62,36.98
2000-11-30,1.19,16.13,44.83,0.92,-6.27,-11.74,-6.81,17.05,20.3,31.9
2000-12-31,4.95,17.66,42.98,2.28,-0.21,-7.11,-2.12,21.52,22.68,31.66
2001-01-31,36.04,22.96,43.58,22.08,45.12,-3.19,12.56,39.3,14.67,57.68
2001-02-28,70.42,18.93,41.48,26.02,14.08,3.39,9.08,25.37,15.83,49.28
2001-03-31,-6.2,16.95,43.73,5.44,12.87,-5.66,4.75,29.37,13.38,43.86
2001-04-30,-18.57,11.88,44.64,0.75,4.93,13.56,5.13,9.1,19.64,25.83
2001-05-31,-6.37,12.51,41.83,-3.52,26.74,15.77,13.13,42.36,18.89,48.18
2001-06-30,8.6,21.06,40.31,-12.65,18.39,-12.48,2.51,39.15,21.94,92.13
2001-07-31,22.04,22.08,44.41,-14.2,28.57,0.03,12.87,52.18,31.79,64.96
2001-08-31,18.05,19.16,48.05,-5.47,34.07,0.58,14,56.36,21.66,58.29
2001-09-30,10.84,20.83,48.95,7.23,6.35,-2.19,8.53,41.1,20.69,26.36
2001-10-31,5.85,16.94,44.85,8.53,10.94,6.37,9.85,30.51,16.82,41.83
2001-11-30,46.24,25.41,45.89,17.21,14.96,-5.25,5.03,25.68,17.2,37.23
2001-12-31,131.01,28.77,48.33,68.61,50.3,2.75,22.87,37.21,17.78,56.54
2002-01-31,52.37,11.17,37.59,10.52,-8.54,-14.55,-13.98,13.42,19.13,27.26
2002-02-28,-36.31,10.72,40.19,-2.59,-6.36,-5.63,-4.81,23.15,23.8,37.55
2002-03-31,-15.09,19.63,46.15,10.3,23.3,4.81,12.27,41.86,15.15,87.9
2002-04-30,-19.05,13.18,45.18,0.7,16.14,22.57,15.14,38.19,19.85,39.37
2002-05-31,5,15.83,48.03,3.34,30.83,6.92,13.36,37.7,23.19,68.11
2002-06-30,7.35,20.25,42.3,-10.01,22.83,-7.42,7.56,36.42,27.31,103.55
2002-07-31,21.52,23.74,45.85,-10.73,27.44,2.4,15.87,51.8,37.27,116.52
2002-08-31,21.95,16.37,48.92,-5.21,31.22,-1.42,14.38,52.6,27.93,97.16
2002-09-30,10.97,19.71,49.5,5.89,2.75,-2.41,8.84,34.19,21.75,30.1
2002-10-31,8.8,16.09,40.07,1.3,7.96,7.39,10.58,35.4,19.63,53.11
2002-11-30,21.91,18.68,41.18,14.14,20.96,-1.99,9.2,29.05,18.45,48.07
2002-12-31,178.07,46.55,50.74,83.05,63.55,4.12,28.1,41.03,18.38,47
2003-01-31,53.03,17.74,40.79,-0.51,-18.55,-12.88,-21.52,10.87,16.49,28.43
2003-02-28,-32.88,10.41,40.53,-0.9,5.77,-2.06,0.64,27.96,13.9,46.88
2003-03-31,-20.44,9.55,41.51,4.15,10.99,2.38,8.89,25.08,8.23,72.5
2003-04-30,2.58,22.16,48.4,18.79,19.5,21.09,21.17,32.18,18.19,40.66
2003-05-31,5.62,23.99,46.13,4.4,20.39,8.67,12.47,37.39,18,91.68
2003-06-30,-14.53,13.31,43.43,-14.28,21.42,14.59,10.35,40.62,24.2,125.99
2003-07-31,12.56,21.82,48,-15.18,23.14,-2.33,17.62,46.66,37.43,115.95
2003-08-31,17.74,16.12,49.29,-4.39,16.85,-0.97,17.17,52.54,29.64,98.52
2003-09-30,5.45,17.12,47.61,2.04,7.16,1.01,10.74,38.13,24.34,36.81