date,gw_mj,gw_ow,gw_sc,gw_mwd,gw_sbv
1921-10-31,0,3.86,9.87,65.81,16.42
1921-11-30,5.41,2.88,16.89,60.46,12.92
1921-12-31,6.02,2.97,15.73,69.56,11.2
1922-01-31,16.29,3.06,36.36,71.25,9.88
1922-02-28,8.67,3.49,36.76,59.39,10.08
1922-03-31,15.69,5.27,22.68,70.09,10.69
1922-04-30,5.46,6,9.84,86.72,14.64
1922-05-31,0,7.67,2.94,97.94,17.69
1922-06-30,0,7.25,0.33,107.19,22.83
1922-07-31,0,6.14,1,116.73,24.8
1922-08-31,0,5.6,0,118.71,23.65
1922-09-30,0,4.96,1.08,110.57,20.17
1922-10-31,3.76,5.85,5.22,100.29,16.42
1922-11-30,3.51,4.9,13.59,65.81,12.92
1922-12-31,2.11,5.06,20.21,60.46,11.2
1923-01-31,8.42,5.03,20.56,69.56,9.88
1923-02-28,3.06,5.4,22.87,57.98,10.08
1923-03-31,1.55,7.09,18.03,68.42,10.69
1923-04-30,11.83,8.25,9.23,84.67,14.64
1923-05-31,0,9.13,2.31,95.62,17.69
1923-06-30,0,8.42,0.5,104.64,22.83
1923-07-31,0,8.03,0.22,113.96,24.8
1923-08-31,0,7.41,1.66,115.89,23.65
1923-09-30,4.56,6.84,2.14,107.95,20.17
1923-10-31,2.71,3.69,7.86,97.91,16.42
1923-11-30,4.01,2.7,6.15,64.24,12.92
1923-12-31,7.62,2.69,15.55,59.02,11.2
1924-01-31,0.5,2.69,16.53,68.83,9.88
1924-02-29,6.52,3.09,11.53,57.37,10.08
1924-03-31,13.69,4.68,8.63,67.7,10.69
1924-04-30,11.38,5.2,4.62,83.78,14.64
1924-05-31,1.65,5.33,9.69,94.61,17.69
1924-06-30,0,5.06,0.8,103.54,22.83
1924-07-31,0,5.1,0.31,112.76,24.8
1924-08-31,0,5.08,0.95,114.68,23.65
1924-09-30,0,4.58,3.04,106.81,20.17
1924-10-31,4.91,3.82,3.77,96.89,16.42
1924-11-30,2.86,2.9,13.35,63.57,12.92
1924-12-31,13.79,2.95,18.4,58.4,11.2
1925-01-31,7.62,2.94,19.2,71.46,9.88
1925-02-28,6.67,3.43,17.33,59.57,10.08
1925-03-31,16.65,5.06,16.69,70.29,10.69
1925-04-30,7.37,5.72,4.62,86.98,14.64
1925-05-31,1.4,6.21,2.83,98.23,17.69
1925-06-30,1.91,6.15,0.72,107.5,22.83
1925-07-31,0,5.84,0.11,117.07,24.8
1925-08-31,0,5.49,0.18,119.06,23.65
1925-09-30,0,4.85,1.18,110.9,20.17
1925-10-31,2.26,3.86,3.77,100.59,16.42
1925-11-30,2.76,2.87,13.35,66,12.92
1925-12-31,5.01,2.89,18.4,60.63,11.2
1926-01-31,1.75,2.87,19.2,75.3,9.88
1926-02-28,3.81,3.3,17.33,62.77,10.08
1926-03-31,1.7,4.97,16.69,74.07,10.69
1926-04-30,21.26,5.8,4.62,91.65,14.64
1926-05-31,2.51,6.15,2.83,103.51,17.69
1926-06-30,0,5.63,0.72,113.28,22.83
1926-07-31,0,5.4,0.11,123.36,24.8
1926-08-31,0,5.3,0.18,125.46,23.65
1926-09-30,0,4.78,1.18,116.86,20.17
1926-10-31,0,4.49,8.96,105.99,16.42
1926-11-30,6.92,3.78,19.52,69.54,12.92
1926-12-31,8.92,3.77,31.49,63.89,11.2
1927-01-31,7.42,3.67,33.75,69.56,9.88
1927-02-28,13.24,4.8,24.26,57.98,10.08
1927-03-31,7.17,6.35,28.32,68.42,10.69
1927-04-30,2.91,7.11,17.37,84.67,14.64
1927-05-31,1.1,8.25,2.06,95.62,17.69
1927-06-30,0,7.93,0.59,104.64,22.83
1927-07-31,0,6.88,0.17,113.96,24.8
1927-08-31,0,6.22,0.48,115.89,23.65
1927-09-30,0,5.57,1.81,107.95,20.17
1927-10-31,8.27,3.82,9.87,97.91,16.42
1927-11-30,7.27,2.97,16.89,64.24,12.92
1927-12-31,10.78,2.88,15.73,59.02,11.2
1928-01-31,2.01,2.88,36.36,71.46,9.88
1928-02-29,5.01,3.26,36.76,59.57,10.08
1928-03-31,4.26,4.99,22.68,70.29,10.69
1928-04-30,1,5.44,9.84,86.98,14.64
1928-05-31,5.77,5.85,2.94,98.23,17.69
1928-06-30,0,5.68,0.33,107.5,22.83
1928-07-31,0,5.34,1,117.07,24.8
1928-08-31,0,5.24,0,119.06,23.65
1928-09-30,0,4.72,1.08,110.9,20.17
1928-10-31,0,3.62,7.86,100.59,16.42
1928-11-30,6.17,2.67,6.15,66,12.92
1928-12-31,9.28,2.68,15.55,60.63,11.2
1929-01-31,12.53,2.69,16.53,68.83,9.88
1929-02-28,2.26,3.09,11.53,57.37,10.08
1929-03-31,15.29,4.77,8.63,67.7,10.69
1929-04-30,5.51,5.3,4.62,83.78,14.64
1929-05-31,0,5.76,9.69,94.61,17.69
1929-06-30,0,5.54,0.8,103.54,22.83
1929-07-31,0,5.32,0.31,112.76,24.8
1929-08-31,0,5.14,0.95,114.68,23.65
1929-09-30,0,4.61,3.04,106.81,20.17
1929-10-31,0,4.04,3.77,96.89,16.42
1929-11-30,0,3.06,13.35,63.57,12.92
1929-12-31,0.75,3.07,18.4,58.4,11.2
1930-01-31,13.29,3.09,19.2,68.83,9.88
1930-02-28,9.02,3.58,17.33,57.37,10.08
1930-03-31,7.52,5.32,16.69,67.7,10.69
1930-04-30,0,5.94,4.62,83.78,14.64
1930-05-31,12.28,6.1,2.83,94.61,17.69
1930-06-30,0,6.28,0.72,103.54,22.83
1930-07-31,0,5.75,0.11,112.76,24.8
1930-08-31,0,5.55,0.18,114.68,23.65
1930-09-30,0.4,5.01,1.18,106.81,20.17
1930-10-31,1.1,4.25,7.86,96.89,16.42
1930-11-30,10.03,3.29,6.15,63.57,12.92
1930-12-31,0,3.28,15.55,58.4,11.2
1931-01-31,15.04,3.3,24.98,68.83,9.88
1931-02-28,12.53,3.71,14.45,57.37,10.08
1931-03-31,2.51,5.32,6.81,67.7,10.69
1931-04-30,3.76,5.8,4.1,83.78,14.64
1931-05-31,0.5,6.03,9.88,94.61,17.69
1931-06-30,1.5,5.81,0.56,103.54,22.83
1931-07-31,0,5.72,0,112.76,24.8
1931-08-31,0,5.69,0,114.68,23.65
1931-09-30,0,5.2,0,106.81,20.17
1931-10-31,0,4.04,0.93,96.89,16.42
1931-11-30,7.27,3.07,22.37,63.57,12.92
1931-12-31,22.96,3.18,50.53,58.4,11.2
1932-01-31,10.28,3.24,24.8,69.56,9.88
1932-02-29,17.05,3.83,26.85,57.98,10.08
1932-03-31,4.76,5.75,2.42,68.42,10.69
1932-04-30,8.27,6.63,3.45,84.67,14.64
1932-05-31,6.02,7.15,0.84,95.62,17.69
1932-06-30,0,7.27,0,104.64,22.83
1932-07-31,0,6.53,0,113.96,24.8
1932-08-31,0,5.77,0,115.89,23.65
1932-09-30,3.26,5.11,0,107.95,20.17
1932-10-31,1,3.65,0,97.91,16.42
1932-11-30,2.51,2.64,4.01,64.24,12.92
1932-12-31,12.78,2.65,18.64,59.02,11.2
1933-01-31,22.46,2.69,35.98,75.3,9.88
1933-02-28,4.61,3.12,2.05,62.77,10.08
1933-03-31,0,4.85,17.99,74.07,10.69
1933-04-30,2.41,5.45,1.4,91.65,14.64
1933-05-31,4.01,5.47,4.19,103.51,17.69
1933-06-30,3.36,6.1,0.09,113.28,22.83
1933-07-31,0,5.54,0,123.36,24.8
1933-08-31,0,5.17,0,125.46,23.65
1933-09-30,0,4.6,0,116.86,20.17
1933-10-31,0,3.9,8.95,105.99,16.42
1933-11-30,4.88,2.91,0,69.54,12.92
1933-12-31,0.5,2.98,33.56,63.89,11.2
1934-01-31,27.28,3.01,7.27,68.83,9.88
1934-02-28,0,3.37,26.57,57.37,10.08
1934-03-31,0,5.07,0,67.7,10.69
1934-04-30,0.5,5.6,1.77,83.78,14.64
1934-05-31,2.51,5.63,9.6,94.61,17.69
1934-06-30,0.57,5.4,4.1,103.54,22.83
1934-07-31,0,5.38,0,112.76,24.8
1934-08-31,7.11,5.34,0,114.68,23.65
1934-09-30,0,4.84,4.01,106.81,20.17
1934-10-31,1.58,3.99,5.13,96.89,16.42
1934-11-30,9.98,3.04,23.21,63.57,12.92
1934-12-31,0,3.07,30.76,58.4,11.2
1935-01-31,15.14,3.08,35.14,69.56,9.88
1935-02-28,4.95,3.52,4.29,57.98,10.08
1935-03-31,1.44,5.17,31.23,68.42,10.69
1935-04-30,0,6.09,28.25,84.67,14.64
1935-05-31,0,6.46,0,95.62,17.69
1935-06-30,0.29,6.8,0,104.64,22.83
1935-07-31,0,5.86,0,113.96,24.8
1935-08-31,0.36,5.57,3.26,115.89,23.65
1935-09-30,0,5.01,0,107.95,20.17
1935-10-31,6.6,4.26,7.83,97.91,16.42
1935-11-30,18.02,3.27,2.14,64.24,12.92
1935-12-31,11.7,3.28,10.81,59.02,11.2
1936-01-31,16.65,3.31,16.41,69.56,9.88
1936-02-29,6.17,4.1,50.25,57.98,10.08
1936-03-31,12.63,5.8,8.2,68.42,10.69
1936-04-30,4.02,7.42,10.72,84.67,14.64
1936-05-31,0,8.19,7.55,95.62,17.69
1936-06-30,0,7.18,3.64,104.64,22.83
1936-07-31,0,6.42,0.19,113.96,24.8
1936-08-31,9.91,6,0,115.89,23.65
1936-09-30,0.5,5.27,0,107.95,20.17
1936-10-31,0.5,3.2,7.92,97.91,16.42
1936-11-30,2.3,1.93,0.28,64.24,12.92
1936-12-31,0.29,1.92,35.98,59.02,11.2
1937-01-31,0.29,1.94,29.27,71.25,9.88
1937-02-28,22.83,2.43,36.92,59.39,10.08
1937-03-31,5.17,4.17,58.17,70.09,10.69
1937-04-30,2.87,5.95,7.08,86.72,14.64
1937-05-31,0,9.84,0.47,97.94,17.69
1937-06-30,1.08,12.36,0.65,107.19,22.83
1937-07-31,0.36,11.12,0,116.73,24.8
1937-08-31,0.14,7.36,0,118.71,23.65
1937-09-30,0,4.59,0,110.57,20.17
1937-10-31,0.29,3,3.54,100.29,16.42
1937-11-30,35.53,1.75,10.35,65.81,12.92
1937-12-31,4.16,1.8,32.53,60.46,11.2
1938-01-31,13.78,1.81,38.59,71.25,9.88
1938-02-28,16.29,2.26,58.92,59.39,10.08
1938-03-31,18.23,3.9,39.43,70.09,10.69
1938-04-30,0.65,4.78,10.35,86.72,14.64
1938-05-31,2.37,10.06,0,97.94,17.69
1938-06-30,1.08,12.9,0,107.19,22.83
1938-07-31,0,10.76,0,116.73,24.8
1938-08-31,0,6.49,0,118.71,23.65
1938-09-30,0,4.32,1.4,110.57,20.17
1938-10-31,0,2.47,11.28,100.29,16.42
1938-11-30,10.41,1.3,11.93,65.81,12.92
1938-12-31,0.14,1.79,13.8,60.46,11.2
1939-01-31,3.66,1.42,23.68,75.3,9.88
1939-02-28,31.29,1.83,14.45,62.77,10.08
1939-03-31,35.31,3.66,19.58,74.07,10.69
1939-04-30,1.08,4.57,4.1,91.65,14.64
1939-05-31,0,7.59,3.08,103.51,17.69
1939-06-30,0,12.88,0,113.28,22.83
1939-07-31,0.27,11.72,0,123.36,24.8
1939-08-31,2.17,7.97,0.09,125.46,23.65
1939-09-30,8.93,4.98,2.24,116.86,20.17
1939-10-31,0,4.47,9.79,105.99,16.42
1939-11-30,16.79,2.73,1.77,69.54,12.92
1939-12-31,0.68,2.56,4.75,63.89,11.2
1940-01-31,16.52,2.39,52.39,69.56,9.88
1940-02-29,10.56,2.48,61.9,57.98,10.08
1940-03-31,9.07,4.24,31.32,68.42,10.69
1940-04-30,2.44,5.85,2.7,84.67,14.64
1940-05-31,0,7.39,1.96,95.62,17.69
1940-06-30,0,7.89,0,104.64,22.83
1940-07-31,0,7.01,0,113.96,24.8
1940-08-31,0,5.97,0,115.89,23.65
1940-09-30,0,4.4,2.42,107.95,20.17
1940-10-31,1.62,3.81,3.64,97.91,16.42
1940-11-30,2.17,2.33,5.03,64.24,12.92
1940-12-31,21.39,2.21,58.45,59.02,11.2
1941-01-31,22.2,2.33,41.3,71.25,9.88
1941-02-28,26.94,2.6,51.46,59.39,10.08
1941-03-31,24.5,4.45,40.18,70.09,10.69
1941-04-30,17.33,5.69,32.63,86.72,14.64
1941-05-31,1.22,10.58,4.19,97.94,17.69
1941-06-30,0,13.96,0.28,107.19,22.83
1941-07-31,0,9.5,0,116.73,24.8
1941-08-31,6.5,6.45,0.19,118.71,23.65
1941-09-30,0,4.62,0,110.57,20.17
1941-10-31,23.96,2.46,7.64,100.29,16.42
1941-11-30,2.44,1.32,4.1,65.81,12.92
1941-12-31,18.68,1.41,54.25,60.46,11.2
1942-01-31,0,1.45,41.67,71.25,9.88
1942-02-28,1.08,1.76,16.22,59.39,10.08
1942-03-31,5.55,3.53,20.23,70.09,10.69
1942-04-30,1.35,4.18,23.12,86.72,14.64
1942-05-31,0,8.38,7.83,97.94,17.69
1942-06-30,0,11.63,0,107.19,22.83
1942-07-31,0,11.36,0,116.73,24.8
1942-08-31,37.77,7.29,0,118.71,23.65
1942-09-30,0,4.32,1.31,110.57,20.17
1942-10-31,2.98,3.49,9.79,100.29,16.42
1942-11-30,0,2.34,14.73,65.81,12.92
1942-12-31,5.42,2.49,12.96,60.46,11.2
1943-01-31,31.41,2.34,44.47,71.25,9.88
1943-02-28,13.54,2.4,22.28,59.39,10.08
1943-03-31,17.19,4.11,24.42,70.09,10.69
1943-04-30,4.47,5.05,12.58,86.72,14.64
1943-05-31,0,6.97,0,97.94,17.69
1943-06-30,0,11.25,0.09,107.19,22.83
1943-07-31,0,11.66,0,116.73,24.8
1943-08-31,0,7.38,0,118.71,23.65
1943-09-30,2.17,4.66,0,110.57,20.17
1943-10-31,2.71,3.08,2.7,100.29,16.42
1943-11-30,0,1.91,4.19,65.81,12.92
1943-12-31,22.34,1.77,12.21,60.46,11.2
1944-01-31,2.84,1.97,18.36,71.46,9.88
1944-02-29,23.96,2.11,50.71,59.57,10.08
1944-03-31,5.69,3.97,6.71,70.29,10.69
1944-04-30,0.54,5.26,8.86,86.98,14.64
1944-05-31,0,8.76,3.64,98.23,17.69
1944-06-30,0,9.4,0.28,107.5,22.83
1944-07-31,0,9.45,0,117.07,24.8
1944-08-31,0,6.44,0,119.06,23.65
1944-09-30,0,4.41,0,110.9,20.17
1944-10-31,0,3.85,14.45,100.59,16.42
1944-11-30,19.22,2.49,26.75,66,12.92
1944-12-31,2.57,2.42,20.6,60.63,11.2
1945-01-31,5.55,2.38,4.01,69.56,9.88
1945-02-28,10.97,2.64,26.57,57.98,10.08
1945-03-31,22.07,4.6,24.61,68.42,10.69
1945-04-30,0,5.16,1.58,84.67,14.64
1945-05-31,0.81,8.67,1.86,95.62,17.69
1945-06-30,0,10.22,0.37,104.64,22.83
1945-07-31,5.55,10.62,0,113.96,24.8
1945-08-31,20.98,6.8,0,115.89,23.65
1945-09-30,0,4.86,0,107.95,20.17
1945-10-31,1.08,2.94,15.29,97.91,16.42
1945-11-30,0,1.92,12.03,64.24,12.92
1945-12-31,18.55,1.81,45.31,59.02,11.2
1946-01-31,0,1.77,8.67,69.56,9.88
1946-02-28,3.79,2.21,16.69,57.98,10.08
1946-03-31,3.66,3.85,12.58,68.42,10.69
1946-04-30,0,4.99,0.28,84.67,14.64
1946-05-31,0,8.55,7.83,95.62,17.69
1946-06-30,0,11.64,0,104.64,22.83
1946-07-31,5.42,12.3,0,113.96,24.8
1946-08-31,0,7.84,0,115.89,23.65
1946-09-30,0,5.06,0.47,107.95,20.17
1946-10-31,4.33,4.44,0.28,97.91,16.42
1946-11-30,10.97,2.8,14.54,64.24,12.92
1946-12-31,7.31,2.48,24.7,59.02,11.2
1947-01-31,2.3,2.24,1.03,75.3,9.88
1947-02-28,0,2.33,16.5,62.77,10.08
1947-03-31,6.9,4.14,18.92,74.07,10.69
1947-04-30,2.3,5.68,3.17,91.65,14.64
1947-05-31,0,8.64,1.77,103.51,17.69
1947-06-30,0,9.51,2.8,113.28,22.83
1947-07-31,0,9.08,0,123.36,24.8
1947-08-31,0,6.46,0,125.46,23.65
1947-09-30,0,4.46,0,116.86,20.17
1947-10-31,2.71,3.16,10.16,105.99,16.42
1947-11-30,4.2,2.09,7.46,69.54,12.92
1947-12-31,5.96,2.06,7.18,63.89,11.2
1948-01-31,0,1.83,1.31,71.46,9.88
1948-02-29,11.64,2.04,11.37,59.57,10.08
1948-03-31,1.08,3.83,20.79,70.29,10.69
1948-04-30,0,4.74,35.14,86.98,14.64
1948-05-31,0,8,7.55,98.23,17.69
1948-06-30,0,7.23,0.37,107.5,22.83
1948-07-31,1.9,5.99,0,117.07,24.8
1948-08-31,0,5.01,0,119.06,23.65
1948-09-30,0,3.87,0,110.9,20.17
1948-10-31,4.6,3.34,3.54,100.59,16.42
1948-11-30,0,2.18,0.84,66,12.92
1948-12-31,8.53,2.14,33.19,60.63,11.2
1949-01-31,27.08,2.01,5.41,71.46,9.88
1949-02-28,1.49,2.2,13.7,59.57,10.08
1949-03-31,11.78,3.91,42.97,70.29,10.69
1949-04-30,0.95,4.51,0,86.98,14.64
1949-05-31,0,6.14,4.01,98.23,17.69
1949-06-30,0,8.58,0,107.5,22.83
1949-07-31,0,7.75,0.09,117.07,24.8
1949-08-31,3.52,5.37,0.93,119.06,23.65
1949-09-30,0,4.07,0,110.9,20.17
1949-10-31,0,2.85,2.33,100.59,16.42
1949-11-30,2.57,1.83,8.76,66,12.92
1949-12-31,7.45,1.87,10.07,60.63,11.2
1950-01-31,0.27,1.8,29.83,71.46,9.88
1950-02-28,2.71,2.04,3.45,59.57,10.08
1950-03-31,20.44,3.85,9.14,70.29,10.69
1950-04-30,1.22,5.13,6.99,86.98,14.64
1950-05-31,0,7.99,1.49,98.23,17.69
1950-06-30,0,11.23,0,107.5,22.83
1950-07-31,6.63,7.86,0,117.07,24.8
1950-08-31,0,5.83,0,119.06,23.65
1950-09-30,0,4.22,1.03,110.9,20.17
1950-10-31,0,3.29,15.01,100.59,16.42
1950-11-30,0.81,2.31,29.83,66,12.92
1950-12-31,0,2.23,32.72,60.63,11.2
1951-01-31,12.45,2.33,17.43,69.56,9.88
1951-02-28,0,2.51,16.78,57.98,10.08
1951-03-31,2.44,4.26,4.66,68.42,10.69
1951-04-30,3.66,6.07,4.94,84.67,14.64
1951-05-31,0,9.2,4.94,95.62,17.69
1951-06-30,0,11.82,0.09,104.64,22.83
1951-07-31,0.41,9.63,0,113.96,24.8
1951-08-31,0,6.22,0,115.89,23.65
1951-09-30,2.98,4.91,2.05,107.95,20.17
1951-10-31,5.69,3.29,5.13,97.91,16.42
1951-11-30,3.79,3.44,19.95,64.24,12.92
1951-12-31,36.28,3.65,37.85,59.02,11.2
1952-01-31,20.58,2.74,59.1,71.25,9.88
1952-02-29,0.27,2.76,8.58,59.39,10.08
1952-03-31,13.4,4.43,38.78,70.09,10.69
1952-04-30,1.08,5.56,11.75,86.72,14.64
1952-05-31,0,8.71,0.75,97.94,17.69
1952-06-30,0,13.05,0.19,107.19,22.83
1952-07-31,4.74,11.07,0.37,116.73,24.8
1952-08-31,0.95,7.19,0,118.71,23.65
1952-09-30,16.25,4.91,0,110.57,20.17
1952-10-31,0,2.1,0.09,100.29,16.42
1952-11-30,17.46,1.18,13.24,65.81,12.92
1952-12-31,15.57,1.24,42.51,60.46,11.2
1953-01-31,1.49,1.33,13.05,71.46,9.88
1953-02-28,4.06,1.57,0.19,59.57,10.08
1953-03-31,0.95,3.23,8.95,70.29,10.69
1953-04-30,5.55,4.17,6.99,86.98,14.64
1953-05-31,2.17,7.66,3.54,98.23,17.69
1953-06-30,0,9.64,0.75,107.5,22.83
1953-07-31,0,10.02,0,117.07,24.8
1953-08-31,0,6.81,0.84,119.06,23.65
1953-09-30,0,4.17,0,110.9,20.17
1953-10-31,0,3.88,1.86,100.59,16.42
1953-11-30,0.41,2.45,16.22,66,12.92
1953-12-31,0,2.51,4.66,60.63,11.2
1954-01-31,29.11,2.35,20.6,71.46,9.88
1954-02-28,3.38,2.37,16.03,59.57,10.08
1954-03-31,10.56,4.14,27.87,70.29,10.69
1954-04-30,0,4.91,3.64,86.98,14.64
1954-05-31,0,5.66,1.12,98.23,17.69
1954-06-30,12.73,8.13,1.12,107.5,22.83
1954-07-31,4.2,10.96,0,117.07,24.8
1954-08-31,0,6.32,0,119.06,23.65
1954-09-30,0,4.46,0,110.9,20.17
1954-10-31,0,2.92,0,100.59,16.42
1954-11-30,17.19,1.81,12.31,66,12.92
1954-12-31,2.84,1.79,27.59,60.63,11.2
1955-01-31,13.54,1.77,38.5,75.3,9.88
1955-02-28,0.68,2.11,14.26,62.77,10.08
1955-03-31,0,3.97,0.47,74.07,10.69
1955-04-30,1.76,5.26,10.44,91.65,14.64
1955-05-31,1.35,8.68,6.9,103.51,17.69
1955-06-30,0,8.47,0,113.28,22.83
1955-07-31,11.51,7.5,0,123.36,24.8
1955-08-31,17.33,5.21,0,125.46,23.65
1955-09-30,0,3.92,0,116.86,20.17
1955-10-31,0,3.5,0.09,105.99,16.42
1955-11-30,5.14,2.5,9.88,69.54,12.92
1955-12-31,0.27,2.57,86.32,63.89,11.2
1956-01-31,16.79,2.6,43.44,71.25,9.88
1956-02-29,0,2.67,8.11,59.39,10.08
1956-03-31,0,4.57,0.65,70.09,10.69
1956-04-30,9.07,5.13,9.42,86.72,14.64
1956-05-31,0,7.58,10.72,97.94,17.69
1956-06-30,0,13.38,0,107.19,22.83
1956-07-31,23.56,10.22,0,116.73,24.8
1956-08-31,0,8.07,0,118.71,23.65
1956-09-30,0,4.95,4.19,110.57,20.17
1956-10-31,0.41,2.44,4.85,100.29,16.42
1956-11-30,0,1.45,0,65.81,12.92
1956-12-31,0,2.28,4.38,60.46,11.2
1957-01-31,12.32,2.01,26.01,71.46,9.88
1957-02-28,3.52,2.04,25.36,59.57,10.08
1957-03-31,5.69,3.94,7.64,70.29,10.69
1957-04-30,3.11,4.82,8.76,86.98,14.64
1957-05-31,0,7.19,11.28,98.23,17.69
1957-06-30,0,11.64,1.12,107.5,22.83
1957-07-31,0,11.48,0,117.07,24.8
1957-08-31,0,6.86,0,119.06,23.65
1957-09-30,0,4.65,2.52,110.9,20.17
1957-10-31,17.46,3.9,8.58,100.59,16.42
1957-11-30,2.98,2.42,2.05,66,12.92
1957-12-31,8.39,2.3,25.64,60.63,11.2
1958-01-31,4.74,2.15,27.13,71.25,9.88
1958-02-28,10.29,2.41,50.25,59.39,10.08
1958-03-31,19.49,4.23,45.03,70.09,10.69
1958-04-30,11.64,4.74,34.31,86.72,14.64
1958-05-31,0.95,6.67,4.94,97.94,17.69
1958-06-30,0,13.74,3.82,107.19,22.83
1958-07-31,25.72,9.62,0,116.73,24.8
1958-08-31,3.11,6.4,0.28,118.71,23.65
1958-09-30,11.1,4.48,0.37,110.57,20.17
1958-10-31,12.59,2.39,0.09,100.29,16.42
1958-11-30,7.18,1.33,2.14,65.81,12.92
1958-12-31,0,1.33,5.59,60.46,11.2
1959-01-31,4.2,1.26,28.43,75.3,9.88
1959-02-28,10.29,1.62,46.14,62.77,10.08
1959-03-31,0,3.35,2.33,74.07,10.69
1959-04-30,0,4.2,5.59,91.65,14.64
1959-05-31,0,7.61,0.09,103.51,17.69
1959-06-30,0,9.67,0,113.28,22.83
1959-07-31,1.35,8.92,0,123.36,24.8
1959-08-31,6.36,6.7,0,125.46,23.65
1959-09-30,0,4.24,19.02,116.86,20.17
1959-10-31,0,3.59,0,105.99,16.42
1959-11-30,7.99,2.35,0,69.54,12.92
1959-12-31,11.37,2.25,5.87,63.89,11.2
1960-01-31,5.82,2.18,27.13,68.83,9.88
1960-02-29,9.88,2.44,30.48,57.37,10.08
1960-03-31,0,4.22,4.47,67.7,10.69
1960-04-30,0,5.11,7.46,83.78,14.64
1960-05-31,0,5.76,2.61,94.61,17.69
1960-06-30,0,7.72,0,103.54,22.83
1960-07-31,0,6.36,0.19,112.76,24.8
1960-08-31,0,5.32,0,114.68,23.65
1960-09-30,14.21,4.27,0,106.81,20.17
1960-10-31,6.5,3.91,0.47,96.89,16.42
1960-11-30,4.74,2.62,26.75,63.57,12.92
1960-12-31,0.41,2.44,12.03,58.4,11.2
1961-01-31,1.62,2.46,12.68,68.83,9.88
1961-02-28,0,2.79,7.46,57.37,10.08
1961-03-31,0.27,4.54,18.92,67.7,10.69
1961-04-30,0,5.36,7.08,83.78,14.64
1961-05-31,0,6.43,5.5,94.61,17.69
1961-06-30,0,8.93,1.12,103.54,22.83
1961-07-31,0,6.69,0,112.76,24.8
1961-08-31,7.99,5.86,0.37,114.68,23.65
1961-09-30,0,4.52,1.96,106.81,20.17
1961-10-31,0,4.16,0.56,96.89,16.42
1961-11-30,6.23,3.33,24.52,63.57,12.92
1961-12-31,9.34,3.15,11.93,58.4,11.2
1962-01-31,4.33,2.92,7.55,71.46,9.88
1962-02-28,14.76,3.01,52.3,59.57,10.08
1962-03-31,1.9,4.92,18.18,70.29,10.69
1962-04-30,0,5.64,0.93,86.98,14.64
1962-05-31,1.08,7.15,0,98.23,17.69
1962-06-30,0,10.48,0,107.5,22.83
1962-07-31,0,7.69,0,117.07,24.8
1962-08-31,0,7.71,0,119.06,23.65
1962-09-30,0,5,0,110.9,20.17
1962-10-31,3.25,2.89,42.79,100.59,16.42
1962-11-30,0,1.96,2.61,66,12.92
1962-12-31,0.95,1.97,18.64,60.63,11.2
1963-01-31,0,1.89,37.2,69.56,9.88
1963-02-28,1.76,2.68,20.79,57.98,10.08
1963-03-31,2.3,4.1,32.91,68.42,10.69
1963-04-30,3.93,6.35,28.71,84.67,14.64
1963-05-31,0,8.6,4.85,95.62,17.69
1963-06-30,0.81,15.48,0.19,104.64,22.83
1963-07-31,0,14.17,0,113.96,24.8
1963-08-31,4.33,8.15,0,115.89,23.65
1963-09-30,21.39,5.1,2.33,107.95,20.17
1963-10-31,10.97,2.39,11.56,97.91,16.42
1963-11-30,0.22,1.26,27.69,64.24,12.92
1963-12-31,0,1.2,1.86,59.02,11.2
1964-01-31,0,1.18,31.79,75.3,9.88
1964-02-29,0,1.99,2.14,62.77,10.08
1964-03-31,1.76,3.32,10.63,74.07,10.69
1964-04-30,0.95,3.86,1.96,91.65,14.64
1964-05-31,2.03,5.81,3.54,103.51,17.69
1964-06-30,0,8.99,5.22,113.28,22.83
1964-07-31,5.14,9.27,0,123.36,24.8
1964-08-31,0.41,6.16,0.93,125.46,23.65
1964-09-30,0,4.2,0,116.86,20.17
1964-10-31,0,4.39,8.95,105.99,16.42
1964-11-30,8.39,3.1,25.08,69.54,12.92
1964-12-31,0,2.79,46.61,63.89,11.2
1965-01-31,4.6,2.55,19.86,71.25,9.88
1965-02-28,0.68,2.64,4.47,59.39,10.08
1965-03-31,7.45,4.27,16.22,70.09,10.69
1965-04-30,13.94,4.93,17.99,86.72,14.64
1965-05-31,1.94,6.91,0,97.94,17.69
1965-06-30,0,8.71,0,107.19,22.83
1965-07-31,0,7.61,0,116.73,24.8
1965-08-31,0,6.37,1.49,118.71,23.65
1965-09-30,0,4.29,0,110.57,20.17
1965-10-31,0,2.52,2.33,100.29,16.42
1965-11-30,31,1.58,37.1,65.81,12.92
1965-12-31,23.28,1.91,29.83,60.46,11.2
1966-01-31,1.76,1.93,11.09,71.46,9.88
1966-02-28,7.04,1.92,9.14,59.57,10.08
1966-03-31,5.82,3.6,3.36,70.29,10.69
1966-04-30,0,4.39,3.45,86.98,14.64
1966-05-31,0,6.4,0.56,98.23,17.69
1966-06-30,0,9.35,0.19,107.5,22.83
1966-07-31,0.68,10.4,1.96,117.07,24.8
1966-08-31,0,8.33,0,119.06,23.65
1966-09-30,1.35,4.58,1.77,110.9,20.17
1966-10-31,1.76,5.11,0,100.59,16.42
1966-11-30,4.47,4.1,28.43,66,12.92
1966-12-31,6.5,3.95,20.23,60.63,11.2
1967-01-31,8.93,3.74,45.4,71.25,9.88
1967-02-28,0,3.48,1.31,59.39,10.08
1967-03-31,0.81,5.49,47.92,70.09,10.69
1967-04-30,7.31,7.48,36.26,86.72,14.64
1967-05-31,0,12,0.28,97.94,17.69
1967-06-30,0,11.95,2.89,107.19,22.83
1967-07-31,5.55,9.75,0,116.73,24.8
1967-08-31,0.54,8.05,0,118.71,23.65
1967-09-30,17.19,5.4,0.19,110.57,20.17
1967-10-31,0,2.04,1.77,100.29,16.42
1967-11-30,15.3,1.02,11.84,65.81,12.92
1967-12-31,13.54,1.53,20.04,60.46,11.2
1968-01-31,0,1.18,50.06,75.3,9.88
1968-02-29,0.68,1.54,7.18,62.77,10.08
1968-03-31,9.88,3.26,24.42,74.07,10.69
1968-04-30,0.95,3.57,5.31,91.65,14.64
1968-05-31,0,5.62,1.68,103.51,17.69
1968-06-30,0.41,9.19,0,113.28,22.83
1968-07-31,9.07,11.76,0,123.36,24.8
1968-08-31,6.5,7.04,18.27,125.46,23.65
1968-09-30,0,4.71,0,116.86,20.17
1968-10-31,2.84,7.02,2.8,105.99,16.42
1968-11-30,4.6,4.58,18.83,69.54,12.92
1968-12-31,1.76,4.43,17.25,63.89,11.2
1969-01-31,13.54,4.05,51.83,71.25,9.88
1969-02-28,29.78,4.3,61.81,59.39,10.08
1969-03-31,3.25,6.59,9.97,70.09,10.69
1969-04-30,4.87,7.56,15.85,86.72,14.64
1969-05-31,6.36,10.25,0.28,97.94,17.69
1969-06-30,0.95,12.5,0,107.19,22.83
1969-07-31,11.37,11.37,0,116.73,24.8
1969-08-31,0.68,9,0,118.71,23.65
1969-09-30,9.07,6.22,1.31,110.57,20.17
1969-10-31,0,1.88,5.78,100.29,16.42
1969-11-30,4.6,0.95,8.67,65.81,12.92
1969-12-31,0,0.98,14.64,60.46,11.2
1970-01-31,4.47,1.14,37.47,69.56,9.88
1970-02-28,3.79,1.4,13.52,57.98,10.08
1970-03-31,6.36,2.93,21.07,68.42,10.69
1970-04-30,0.27,4.02,1.96,84.67,14.64
1970-05-31,0,8.67,0.19,95.62,17.69
1970-06-30,0,11.84,0.93,104.64,22.83
1970-07-31,1.49,10.67,0,113.96,24.8
1970-08-31,1.08,6.97,0,115.89,23.65
1970-09-30,0,4.07,0,107.95,20.17
1970-10-31,0,3.69,3.26,97.91,16.42
1970-11-30,6.5,2.32,57.61,64.24,12.92
1970-12-31,4.33,2.16,36.64,59.02,11.2
1971-01-31,0,2.21,8.48,71.46,9.88
1971-02-28,0.68,2.22,5.03,59.57,10.08
1971-03-31,1.9,3.76,14.54,70.29,10.69
1971-04-30,2.84,4.35,11.56,86.98,14.64
1971-05-31,4.6,6.06,0.75,98.23,17.69
1971-06-30,0,7.95,0,107.5,22.83
1971-07-31,0,7.4,0,117.07,24.8
1971-08-31,1.22,5.27,0.09,119.06,23.65
1971-09-30,0,3.76,1.12,110.9,20.17
1971-10-31,2.44,2.88,0,100.59,16.42
1971-11-30,0,1.91,6.53,66,12.92
1971-12-31,15.43,2,30.67,60.63,11.2
1972-01-31,0,1.85,11.28,75.3,9.88
1972-02-29,0,1.96,3.08,62.77,10.08
1972-03-31,0,3.56,0.65,74.07,10.69
1972-04-30,0,4.11,4.75,91.65,14.64
1972-05-31,0,5.26,0,103.51,17.69
1972-06-30,22.88,8.08,1.31,113.28,22.83
1972-07-31,0,7.59,0,123.36,24.8
1972-08-31,14.89,5.53,0,125.46,23.65
1972-09-30,0.81,3.99,5.59,116.86,20.17
1972-10-31,3.66,3.5,20.42,105.99,16.42
1972-11-30,9.34,2.47,51.09,69.54,12.92
1972-12-31,6.09,2.51,11,63.89,11.2
1973-01-31,3.66,2.39,47.73,69.56,9.88
1973-02-28,13.13,2.51,55.65,57.98,10.08
1973-03-31,16.11,4.36,25.64,68.42,10.69
1973-04-30,0.95,4.88,0.47,84.67,14.64
1973-05-31,0.68,6.74,0.09,95.62,17.69
1973-06-30,0,10.06,0,104.64,22.83
1973-07-31,0,7.25,0,113.96,24.8
1973-08-31,2.17,5.56,0,115.89,23.65
1973-09-30,0,5.51,0.37,107.95,20.17
1973-10-31,0,2.71,20.7,97.91,16.42
1973-11-30,7.58,1.61,26.01,64.24,12.92
1973-12-31,1.08,1.61,24.89,59.02,11.2
1974-01-31,16.65,1.64,23.4,37.49,9.88
1974-02-28,0,1.9,7.64,31.25,10.08
1974-03-31,6.5,3.39,30.76,36.88,10.69
1974-04-30,0,4.14,16.13,45.63,14.64
1974-05-31,2.17,9.73,0,51.53,17.69
1974-06-30,0,12.35,0.75,56.4,22.83
1974-07-31,2.57,8.83,1.68,61.42,24.8
1974-08-31,0,6.08,0,62.46,23.65
1974-09-30,0,3.99,0,58.18,20.17
1974-10-31,1.62,2.58,10.35,52.77,16.42
1974-11-30,0,1.74,3.64,34.63,12.92
1974-12-31,8.53,1.65,18.83,31.81,11.2
1975-01-31,0,1.71,7.83,37.49,9.88
1975-02-28,1.9,1.76,28.71,31.25,10.08
1975-03-31,2.44,3.54,42.04,36.88,10.69
1975-04-30,4.33,4.15,12.31,45.63,14.64
1975-05-31,0,7.49,0.09,51.53,17.69
1975-06-30,0,10.83,0.37,56.4,22.83
1975-07-31,0,8.1,1.4,61.42,24.8
1975-08-31,0,5.84,6.34,62.46,23.65
1975-09-30,5.42,3.95,0.09,58.18,20.17
1975-10-31,0,2.76,12.12,52.77,16.42
1975-11-30,0,1.63,1.4,34.63,12.92
1975-12-31,2.17,1.63,2.42,31.81,11.2
1976-01-31,0,1.55,2.98,67.83,9.88
1976-02-29,17.73,1.8,11.75,56.54,10.08
1976-03-31,3.79,3.38,8.86,66.73,10.69
1976-04-30,1.76,3.71,5.78,82.57,14.64
1976-05-31,0,5.89,0,93.24,17.69
1976-06-30,0,9.21,0.65,102.05,22.83
1976-07-31,1.62,7.22,0,111.13,24.8
1976-08-31,0,4.81,6.62,113.02,23.65
1976-09-30,22.61,3.89,9.6,105.27,20.17
1976-10-31,4.74,3.31,5.03,95.48,16.42
1976-11-30,2.44,2.02,8.67,62.65,12.92
1976-12-31,0.68,1.88,7.46,57.56,11.2
1977-01-31,13.4,1.82,7.08,68.23,9.88
1977-02-28,0.27,2.07,5.13,56.88,10.08
1977-03-31,6.77,3.6,17.9,67.12,10.69
1977-04-30,0.14,4,0.28,83.05,14.64
1977-05-31,8.66,5.93,15.85,93.8,17.69
1977-06-30,0,5.5,0.09,102.65,22.83
1977-07-31,0,5.55,0.75,111.79,24.8
1977-08-31,21.93,4.82,0,113.69,23.65
1977-09-30,0,4.78,5.41,105.89,20.17
1977-10-31,0,5.87,1.96,96.05,16.42
1977-11-30,0.41,3.57,7.27,63.02,12.92
1977-12-31,26.26,3.16,21.81,57.9,11.2
1978-01-31,23.56,3.09,65.91,61.41,9.88
1978-02-28,26.94,3.19,27.5,51.19,10.08
1978-03-31,29.78,5.04,42.42,60.41,10.69
1978-04-30,5.69,6.09,30.76,74.75,14.64
1978-05-31,1.08,6.61,0,84.42,17.69
1978-06-30,0,10.49,0,92.39,22.83
1978-07-31,0,7.81,0,100.62,24.8
1978-08-31,2.44,6.98,0,102.33,23.65
1978-09-30,4.2,5.21,0.19,95.31,20.17
1978-10-31,0.27,1.93,0,86.45,16.42
1978-11-30,3.79,1,13.89,56.72,12.92
1978-12-31,8.53,1.11,3.92,52.11,11.2
1979-01-31,15.3,1.17,34.21,73.05,9.88
1979-02-28,9.61,1.52,29.92,60.9,10.08
1979-03-31,18.55,3.27,20.79,71.86,10.69
1979-04-30,0,4.01,9.88,88.92,14.64
1979-05-31,0,6.55,0.93,100.42,17.69
1979-06-30,0,11.16,0,109.9,22.83
1979-07-31,9.75,10.84,0.65,119.68,24.8
1979-08-31,21.93,7.59,0,121.71,23.65
1979-09-30,2.17,5.63,0,113.37,20.17
1979-10-31,4.06,4.72,15.19,102.83,16.42
1979-11-30,0,3.08,12.03,67.47,12.92
1979-12-31,0.27,2.76,30.76,61.99,11.2
1980-01-31,32.63,2.8,24.42,67.98,9.88
1980-02-29,38.18,2.89,54.07,56.67,10.08
1980-03-31,18.41,4.72,19.2,66.87,10.69
1980-04-30,0,5.41,17.62,82.74,14.64
1980-05-31,0,9.59,1.21,93.45,17.69
1980-06-30,0,11.51,0,102.27,22.83
1980-07-31,0,9.69,6.99,111.37,24.8
1980-08-31,0,6.95,0,113.26,23.65
1980-09-30,0,4.97,0,105.5,20.17
1980-10-31,1.58,2.45,0.65,95.69,16.42
1980-11-30,0.65,1.3,1.4,62.78,12.92
1980-12-31,0.79,1.25,13.42,57.68,11.2
1981-01-31,22.54,1.57,34.58,66.57,9.88
1981-02-28,46.08,1.81,12.12,55.49,10.08
1981-03-31,21.68,3.34,29.18,65.48,10.69
1981-04-30,0.72,4.15,2.42,81.03,14.64
1981-05-31,4.74,6.39,1.86,91.5,17.69
1981-06-30,0,9.78,0,100.14,22.83
1981-07-31,0,11.34,0,109.06,24.8
1981-08-31,0,7.03,0,110.91,23.65
1981-09-30,0,4.17,0.19,103.31,20.17
1981-10-31,0,4.83,15.85,93.7,16.42
1981-11-30,1.87,3.23,35.14,61.48,12.92
1981-12-31,0,3.08,14.36,56.48,11.2
1982-01-31,11.77,2.86,41.58,78.56,9.88
1982-02-28,4.16,2.98,15.75,65.49,10.08
1982-03-31,15.14,4.79,28.32,77.28,10.69
1982-04-30,1.22,6.02,17.71,95.62,14.64
1982-05-31,0,8.85,0,107.99,17.69
1982-06-30,0,12.25,1.4,118.19,22.83
1982-07-31,0,8.23,0,128.71,24.8
1982-08-31,0,6.49,0.09,130.89,23.65
1982-09-30,0,5.08,9.69,121.92,20.17
1982-10-31,9.19,3.22,13.89,110.59,16.42
1982-11-30,0,2.3,32.91,72.56,12.92
1982-12-31,2.87,2.19,18.55,66.66,11.2
1983-01-31,11.7,2.18,69.08,74.1,9.88
1983-02-28,6.53,2.35,40.36,61.77,10.08
1983-03-31,19.31,4.15,59.66,72.89,10.69
1983-04-30,17.73,5.59,36.36,90.19,14.64
1983-05-31,1.36,9.99,1.4,101.86,17.69
1983-06-30,0,13.58,0,111.47,22.83
1983-07-31,0,14.66,0,121.4,24.8
1983-08-31,0,10.87,0.19,123.46,23.65
1983-09-30,3.09,8.84,4.57,115,20.17
1983-10-31,14.43,3.75,7.27,104.31,16.42
1983-11-30,6.89,2.12,49.03,68.44,12.92
1983-12-31,0,1.96,35.7,62.88,11.2
1984-01-31,20.74,1.82,1.58,72.7,9.88
1984-02-29,19.67,2.07,13.42,60.6,10.08
1984-03-31,37.47,3.92,8.2,71.51,10.69
1984-04-30,5.74,4.18,5.22,88.49,14.64
1984-05-31,0,6.89,0,99.93,17.69
1984-06-30,0,12.78,0.09,109.37,22.83
1984-07-31,0,11.31,0,119.1,24.8
1984-08-31,4.16,9.51,0,121.13,23.65
1984-09-30,0.36,5.7,0.19,112.82,20.17
1984-10-31,7.03,3.91,16.31,102.33,16.42
1984-11-30,10.12,2.5,36.73,67.14,12.92
1984-12-31,6.24,2.46,16.13,61.69,11.2
1985-01-31,0,2.18,6.9,70.26,9.88
1985-02-28,0.14,2.28,7.08,58.57,10.08
1985-03-31,0.57,3.95,27.78,69.12,10.69
1985-04-30,0,4.63,4.47,85.52,14.64
1985-05-31,0,7.66,2.14,96.59,17.69
1985-06-30,0.36,7.93,0,105.7,22.83
1985-07-31,3.59,8.33,1.21,115.11,24.8
1985-08-31,1.65,6.38,0,117.07,23.65
1985-09-30,1.08,4.57,3.26,109.04,20.17
1985-10-31,4.38,4.58,9.14,98.91,16.42
1985-11-30,37.83,3.26,23.03,64.89,12.92
1985-12-31,0,3.25,13.05,59.62,11.2
1986-01-31,1.58,2.97,22.47,72.96,9.88
1986-02-28,0,2.98,56.4,60.82,10.08
1986-03-31,0,4.76,37.2,71.77,10.69
1986-04-30,0,6.93,6.15,88.81,14.64
1986-05-31,0,9.69,1.49,100.3,17.69
1986-06-30,0,11.84,0,109.76,22.83
1986-07-31,0,9.29,0,119.54,24.8
1986-08-31,0,6.68,0,121.57,23.65
1986-09-30,0.29,5.21,9.51,113.23,20.17
1986-10-31,6.46,2.22,0.75,102.71,16.42
1986-11-30,0,1.25,1.58,67.39,12.92
1986-12-31,1.36,1.3,7.92,61.91,11.2
1987-01-31,0,1.24,14.92,73.8,9.88
1987-02-28,17.51,1.91,19.58,61.52,10.08
1987-03-31,12.63,3.77,17.15,72.6,10.69
1987-04-30,0.22,4.7,1.31,89.83,14.64
1987-05-31,0,7.64,0,101.45,17.69
1987-06-30,0,10.59,0,111.02,22.83
1987-07-31,0.5,8.08,0,120.91,24.8
1987-08-31,0.86,5.66,0,122.96,23.65
1987-09-30,0,3.86,0,114.53,20.17
1987-10-31,0,3.81,8.67,103.89,16.42
1987-11-30,5.31,2.36,15.38,68.16,12.92
1987-12-31,0.07,2.23,30.86,62.62,11.2
1988-01-31,4.52,2.12,19.39,68.22,9.88
1988-02-29,3.37,2.3,5.78,56.87,10.08
1988-03-31,2.66,3.96,0.56,67.11,10.69
1988-04-30,0,4.76,16.97,83.04,14.64
1988-05-31,1.44,6.41,6.15,93.78,17.69
1988-06-30,5.1,6.89,0.09,102.63,22.83
1988-07-31,0,5.81,0,111.77,24.8
1988-08-31,0,4.97,0,113.67,23.65
1988-09-30,3.52,3.84,0,105.88,20.17
1988-10-31,9.76,2.89,0.56,96.04,16.42
1988-11-30,7.11,1.9,13.24,63.01,12.92
1988-12-31,14.71,1.81,19.95,57.89,11.2
1989-01-31,9.98,1.88,9.88,66.4,9.88
1989-02-28,5.67,2.09,9.97,55.35,10.08
1989-03-31,5.53,3.78,17.81,65.32,10.69
1989-04-30,5.81,4.6,5.31,80.82,14.64
1989-05-31,0.86,5.83,0.84,91.27,17.69
1989-06-30,0.22,7.34,0,99.89,22.83
1989-07-31,0.79,6.35,0,108.78,24.8
1989-08-31,0.43,5.13,0,110.63,23.65
1989-09-30,0,4.02,7.74,103.05,20.17
1989-10-31,0.14,2.83,12.4,93.47,16.42
1989-11-30,12.27,1.75,7.46,61.33,12.92
1989-12-31,0,1.85,0.37,56.34,11.2
1990-01-31,3.37,1.8,17.99,69.08,9.88
1990-02-28,9.26,2.04,15.01,57.59,10.08
1990-03-31,0.43,4.05,8.3,67.96,10.69
1990-04-30,0,5.62,2.05,84.09,14.64
1990-05-31,1.72,6.72,22.19,94.96,17.69
1990-06-30,0,7.84,0,103.93,22.83
1990-07-31,0,6.31,1.4,113.18,24.8
1990-08-31,0,5.15,0,115.1,23.65
1990-09-30,3.3,4.09,2.24,107.21,20.17
1990-10-31,0.79,4.08,2.33,97.25,16.42
1990-11-30,0,2.7,2.24,63.8,12.92
1990-12-31,0,2.6,18.92,58.62,11.2
1991-01-31,5.74,2.65,1.68,61.67,9.88
1991-02-28,7.11,2.8,20.7,51.41,10.08
1991-03-31,1.08,4.63,57.52,60.66,10.69
1991-04-30,0.57,5.91,1.68,75.06,14.64
1991-05-31,0.14,7.45,1.4,84.77,17.69
1991-06-30,0.14,8.94,0.56,92.77,22.83
1991-07-31,0,8.15,0,101.03,24.8
1991-08-31,1.15,6.1,0.37,102.75,23.65
1991-09-30,0,4.85,1.12,95.7,20.17
1991-10-31,1.58,2.98,7.92,86.81,16.42
1991-11-30,0.07,1.77,4.01,56.96,12.92
1991-12-31,0,1.71,22.65,52.33,11.2
1992-01-31,8.61,1.66,16.13,69.08,9.88
1992-02-29,7.97,1.92,61.43,57.59,10.08
1992-03-31,29.93,4.04,31.42,67.96,10.69
1992-04-30,0,4.39,3.92,84.09,14.64
1992-05-31,0,6.23,0,94.96,17.69
1992-06-30,0,10.67,2.33,103.93,22.83
1992-07-31,1.51,8.49,0,113.18,24.8
1992-08-31,0.07,5.6,0.95,115.1,23.65
1992-09-30,0.79,4.27,0,107.21,20.17
1992-10-31,0,3.71,6.15,97.25,16.42
1992-11-30,14.36,2.66,0.47,63.8,12.92
1992-12-31,2.23,2.54,42.04,58.62,11.2
1993-01-31,14.71,2.46,65.07,61.67,9.88
1993-02-28,35.6,2.81,43.91,51.41,10.08
1993-03-31,18.09,4.57,26.2,60.66,10.69
1993-04-30,1.65,6.5,5.03,75.06,14.64
1993-05-31,0.72,11.69,4.38,84.77,17.69
1993-06-30,0,10.27,5.03,92.77,22.83
1993-07-31,0.43,7.74,0,101.03,24.8
1993-08-31,3.73,6.44,0,102.75,23.65
1993-09-30,0,4.79,0,95.7,20.17