date,sr_oro,sr_fol,sr_cmn,sr_nhg,sr_hid,sr_buc,sr_dnp,pmp_banks-d800
1921-10-31,3163.00,720.00,299.00,274.00,46.00,120.00,1690.00,410.73
1921-11-30,3163.00,575.00,312.00,191.00,25.00,105.00,1690.00,397.49
1921-12-31,2931.00,575.00,323.00,152.00,25.00,105.00,1690.00,441.82
1922-01-31,3105.00,575.00,328.00,160.00,30.00,108.00,1690.00,464.27
1922-02-28,2813.00,575.00,323.00,169.00,30.00,107.00,1690.00,472.06
1922-03-31,2922.00,680.00,344.00,178.00,46.00,117.00,1690.00,458.69
1922-04-30,3446.00,800.00,371.00,250.00,78.00,139.00,1713.00,397.49
1922-05-31,3538.00,975.00,341.00,312.00,90.00,150.00,2002.00,410.73
1922-06-30,3538.00,975.00,431.00,317.00,90.00,150.00,2030.00,397.49
1922-07-31,3538.00,950.00,431.00,317.00,90.00,150.00,2030.00,410.73
1922-08-31,3538.00,800.00,431.00,317.00,90.00,150.00,2030.00,410.73
1922-09-30,3350.00,650.00,379.00,317.00,69.00,135.00,1773.00,397.49
1922-10-31,3163.00,720.00,288.00,274.00,46.00,120.00,1690.00,410.73
1922-11-30,3163.00,575.00,301.00,191.00,25.00,105.00,1690.00,397.49
1922-12-31,2922.00,575.00,315.00,152.00,27.00,106.00,1690.00,455.03
1923-01-31,2976.00,575.00,328.00,160.00,31.00,108.00,1690.00,522.64
1923-02-28,3137.00,575.00,323.00,177.00,42.00,115.00,1690.00,461.64
1923-03-31,3163.00,680.00,344.00,202.00,61.00,128.00,1690.00,446.80
1923-04-30,3459.00,800.00,386.00,269.00,75.00,137.00,1713.00,397.49
1923-05-31,3538.00,975.00,423.00,315.00,90.00,150.00,2002.00,410.73
1923-06-30,3538.00,975.00,431.00,317.00,90.00,150.00,2030.00,397.49
1923-07-31,3538.00,950.00,431.00,317.00,90.00,150.00,2030.00,410.73
1923-08-31,3538.00,800.00,431.00,317.00,90.00,150.00,2030.00,410.73
1923-09-30,3350.00,650.00,382.00,317.00,69.00,135.00,1773.00,397.49
1923-10-31,3163.00,720.00,292.00,274.00,46.00,120.00,1690.00,410.73
1923-11-30,3163.00,575.00,303.00,191.00,25.00,105.00,1690.00,397.49
1923-12-31,3163.00,575.00,323.00,152.00,28.00,107.00,1690.00,432.78
1924-01-31,3150.00,575.00,328.00,165.00,37.00,112.00,1690.00,447.97
1924-02-29,3096.00,575.00,323.00,188.00,46.00,118.00,1690.00,410.25
1924-03-31,3163.00,680.00,344.00,211.00,56.00,124.00,1690.00,429.32
1924-04-30,3459.00,800.00,386.00,270.00,81.00,141.00,1713.00,397.49
1924-05-31,3538.00,975.00,438.00,315.00,90.00,150.00,2002.00,410.73
1924-06-30,3538.00,975.00,431.00,317.00,90.00,150.00,2030.00,397.49
1924-07-31,3538.00,950.00,431.00,317.00,90.00,150.00,2030.00,410.73
1924-08-31,3538.00,800.00,431.00,317.00,90.00,150.00,2030.00,410.73
1924-09-30,3350.00,650.00,394.00,317.00,69.00,135.00,1773.00,397.49
1924-10-31,3158.00,720.00,326.00,274.00,46.00,120.00,1690.00,410.73
1924-11-30,3163.00,575.00,318.00,191.00,25.00,105.00,1690.00,397.49
1924-12-31,3094.00,575.00,323.00,152.00,28.00,107.00,1690.00,431.55
1925-01-31,3163.00,575.00,328.00,162.00,37.00,112.00,1690.00,446.19
1925-02-28,2896.00,575.00,323.00,181.00,38.00,112.00,1690.00,421.94
1925-03-31,3002.00,680.00,344.00,206.00,51.00,121.00,1690.00,434.72
1925-04-30,3363.00,800.00,363.00,268.00,80.00,140.00,1690.00,397.49
1925-05-31,3538.00,975.00,424.00,315.00,90.00,150.00,1780.00,410.73
1925-06-30,3538.00,975.00,431.00,317.00,90.00,150.00,1935.00,397.49
1925-07-31,3538.00,950.00,431.00,317.00,90.00,150.00,2030.00,410.73
1925-08-31,3538.00,800.00,431.00,317.00,90.00,150.00,2030.00,410.73
1925-09-30,3350.00,650.00,383.00,317.00,69.00,135.00,1773.00,397.49
1925-10-31,3163.00,720.00,296.00,274.00,46.00,120.00,1690.00,410.73
1925-11-30,3163.00,575.00,306.00,191.00,25.00,105.00,1690.00,397.49
1925-12-31,3163.00,575.00,323.00,152.00,28.00,107.00,1690.00,432.29
1926-01-31,3012.00,575.00,328.00,165.00,35.00,112.00,1690.00,448.31
1926-02-28,2872.00,575.00,323.00,188.00,39.00,113.00,1690.00,413.80
1926-03-31,3145.00,680.00,344.00,211.00,61.00,128.00,1690.00,431.85
1926-04-30,3348.00,800.00,363.00,270.00,77.00,139.00,1713.00,397.49
1926-05-31,3538.00,975.00,438.00,315.00,90.00,150.00,2002.00,410.73
1926-06-30,3538.00,975.00,431.00,317.00,90.00,150.00,2030.00,397.49
1926-07-31,3538.00,950.00,431.00,317.00,90.00,150.00,2030.00,410.73
1926-08-31,3538.00,800.00,431.00,317.00,90.00,150.00,2030.00,410.73
1926-09-30,3350.00,650.00,394.00,317.00,69.00,135.00,1773.00,397.49
1926-10-31,3163.00,720.00,326.00,274.00,46.00,120.00,1690.00,410.73
1926-11-30,2788.00,575.00,318.00,191.00,25.00,105.00,1690.00,397.49
1926-12-31,3046.00,575.00,323.00,152.00,28.00,107.00,1690.00,433.80
1927-01-31,2985.00,575.00,328.00,160.00,35.00,111.00,1690.00,453.18
1927-02-28,2788.00,575.00,323.00,177.00,35.00,110.00,1690.00,444.00
1927-03-31,2999.00,680.00,344.00,202.00,56.00,124.00,1690.00,441.41
1927-04-30,3396.00,800.00,363.00,269.00,79.00,140.00,1713.00,397.49
1927-05-31,3538.00,975.00,396.00,315.00,90.00,150.00,1870.00,410.73
1927-06-30,3538.00,975.00,431.00,317.00,90.00,150.00,2030.00,397.49
1927-07-31,3538.00,950.00,431.00,317.00,90.00,150.00,2030.00,410.73
1927-08-31,3538.00,800.00,431.00,317.00,90.00,150.00,2030.00,410.73
1927-09-30,3350.00,650.00,381.00,317.00,69.00,135.00,1773.00,397.49
1927-10-31,3163.00,720.00,291.00,274.00,46.00,120.00,1690.00,410.73
1927-11-30,2966.00,575.00,284.00,191.00,25.00,105.00,1690.00,397.49
1927-12-31,3045.00,575.00,309.00,152.00,27.00,106.00,1690.00,436.66
1928-01-31,3072.00,575.00,328.00,162.00,37.00,112.00,1690.00,459.57
1928-02-29,3108.00,575.00,321.00,181.00,45.00,117.00,1690.00,416.26
1928-03-31,2797.00,679.00,290.00,206.00,48.00,119.00,1690.00,464.88
1928-04-30,3350.00,800.00,363.00,268.00,78.00,139.00,1713.00,397.49
1928-05-31,3538.00,975.00,438.00,315.00,90.00,150.00,1960.00,410.73
1928-06-30,3538.00,975.00,431.00,317.00,90.00,150.00,2015.00,397.49
1928-07-31,3538.00,950.00,431.00,317.00,90.00,150.00,2030.00,410.73
1928-08-31,3538.00,800.00,431.00,317.00,90.00,150.00,2030.00,410.73
1928-09-30,3350.00,650.00,394.00,317.00,69.00,135.00,1773.00,397.49
1928-10-31,3163.00,720.00,326.00,274.00,46.00,120.00,1690.00,410.73
1928-11-30,3163.00,575.00,318.00,191.00,25.00,105.00,1690.00,397.49
1928-12-31,3133.00,575.00,323.00,152.00,28.00,107.00,1690.00,432.51
1929-01-31,3163.00,575.00,328.00,165.00,36.00,111.00,1690.00,449.01
1929-02-28,3163.00,575.00,323.00,188.00,45.00,117.00,1690.00,413.05
1929-03-31,3163.00,680.00,344.00,211.00,59.00,126.00,1690.00,431.46
1929-04-30,3459.00,800.00,386.00,270.00,79.00,140.00,1713.00,397.49
1929-05-31,3538.00,975.00,438.00,315.00,90.00,150.00,2002.00,410.73
1929-06-30,3538.00,975.00,431.00,317.00,90.00,150.00,2030.00,397.49
1929-07-31,3538.00,950.00,431.00,317.00,90.00,150.00,2030.00,410.73
1929-08-31,3538.00,800.00,431.00,317.00,90.00,150.00,2030.00,410.73
1929-09-30,3350.00,650.00,394.00,317.00,69.00,135.00,1773.00,397.49
1929-10-31,3163.00,720.00,326.00,274.00,46.00,120.00,1690.00,410.73
1929-11-30,3163.00,575.00,318.00,191.00,25.00,105.00,1690.00,397.49
1929-12-31,2822.00,575.00,323.00,152.00,28.00,107.00,1690.00,429.50
1930-01-31,2927.00,575.00,328.00,165.00,37.00,112.00,1690.00,445.82
1930-02-28,2972.00,575.00,323.00,188.00,40.00,114.00,1690.00,412.77
1930-03-31,3105.00,680.00,344.00,211.00,57.00,125.00,1690.00,431.94
1930-04-30,3433.00,800.00,373.00,270.00,80.00,141.00,1713.00,397.49
1930-05-31,3538.00,975.00,438.00,315.00,90.00,150.00,1990.00,410.73
1930-06-30,3538.00,975.00,431.00,317.00,90.00,150.00,2030.00,397.49
1930-07-31,3538.00,950.00,431.00,317.00,90.00,150.00,2030.00,410.73
1930-08-31,3538.00,800.00,431.00,317.00,90.00,150.00,2030.00,410.73
1930-09-30,3350.00,650.00,394.00,317.00,69.00,135.00,1773.00,397.49
1930-10-31,3163.00,720.00,320.00,274.00,46.00,120.00,1690.00,410.73
1930-11-30,3163.00,575.00,318.00,191.00,25.00,105.00,1690.00,397.49
1930-12-31,3163.00,575.00,323.00,152.00,28.00,107.00,1690.00,430.45
1931-01-31,3163.00,575.00,328.00,165.00,36.00,112.00,1690.00,444.34
1931-02-28,3163.00,575.00,323.00,188.00,44.00,116.00,1690.00,411.11
1931-03-31,3159.00,680.00,344.00,211.00,61.00,128.00,1690.00,427.81
1931-04-30,3459.00,800.00,386.00,270.00,81.00,142.00,1713.00,397.49
1931-05-31,3538.00,975.00,438.00,315.00,90.00,150.00,2002.00,410.73
1931-06-30,3538.00,975.00,431.00,317.00,90.00,150.00,2030.00,397.49
1931-07-31,3538.00,950.00,431.00,317.00,90.00,150.00,2030.00,410.73
1931-08-31,3538.00,800.00,431.00,317.00,90.00,150.00,2030.00,410.73
1931-09-30,3350.00,650.00,394.00,317.00,69.00,135.00,1773.00,397.49
1931-10-31,3163.00,720.00,326.00,274.00,46.00,120.00,1690.00,410.73
1931-11-30,3163.00,575.00,318.00,191.00,25.00,105.00,1690.00,397.49
1931-12-31,2788.00,575.00,323.00,152.00,25.00,105.00,1690.00,440.68
1932-01-31,2931.00,575.00,328.00,160.00,29.00,107.00,1690.00,454.09
1932-02-29,3120.00,575.00,323.00,177.00,36.00,111.00,1690.00,453.37
1932-03-31,3163.00,680.00,344.00,202.00,58.00,125.00,1690.00,437.34
1932-04-30,3433.00,800.00,386.00,269.00,81.00,142.00,1713.00,397.49
1932-05-31,3538.00,975.00,393.00,315.00,90.00,150.00,1980.00,410.73
1932-06-30,3538.00,975.00,431.00,317.00,90.00,150.00,2030.00,397.49
1932-07-31,3538.00,950.00,431.00,317.00,90.00,150.00,2030.00,410.73
1932-08-31,3538.00,800.00,431.00,317.00,90.00,150.00,2030.00,410.73
1932-09-30,3350.00,650.00,394.00,317.00,69.00,135.00,1773.00,397.49
1932-10-31,3163.00,720.00,303.00,274.00,46.00,120.00,1690.00,410.73
1932-11-30,3163.00,575.00,318.00,191.00,25.00,105.00,1690.00,397.49
1932-12-31,3163.00,575.00,323.00,152.00,28.00,107.00,1690.00,431.33
1933-01-31,2956.00,575.00,328.00,165.00,30.00,107.00,1690.00,449.02
1933-02-28,3135.00,575.00,323.00,188.00,42.00,115.00,1690.00,412.42
1933-03-31,3081.00,680.00,344.00,211.00,56.00,124.00,1690.00,432.37
1933-04-30,3459.00,800.00,386.00,270.00,81.00,142.00,1713.00,397.49
1933-05-31,3538.00,975.00,438.00,315.00,90.00,150.00,1990.00,410.73
1933-06-30,3538.00,975.00,431.00,317.00,90.00,150.00,2030.00,397.49
1933-07-31,3538.00,950.00,431.00,317.00,90.00,150.00,2030.00,410.73
1933-08-31,3538.00,800.00,431.00,317.00,90.00,150.00,2030.00,410.73
1933-09-30,3350.00,650.00,394.00,317.00,69.00,135.00,1773.00,397.49
1933-10-31,3115.00,720.00,311.00,274.00,46.00,120.00,1690.00,410.73
1933-11-30,3163.00,575.00,318.00,191.00,25.00,105.00,1690.00,397.49
1933-12-31,2941.00,575.00,323.00,152.00,28.00,107.00,1690.00,431.60
1934-01-31,3108.00,575.00,328.00,165.00,37.00,112.00,1690.00,447.49
1934-02-28,3009.00,575.00,323.00,188.00,38.00,112.00,1690.00,413.38
1934-03-31,3095.00,680.00,344.00,211.00,61.00,127.00,1690.00,430.13
1934-04-30,3459.00,800.00,386.00,270.00,81.00,142.00,1713.00,397.49
1934-05-31,3538.00,975.00,438.00,315.00,90.00,150.00,2002.00,410.73
1934-06-30,3538.00,975.00,431.00,317.00,90.00,150.00,2030.00,397.49
1934-07-31,3538.00,950.00,431.00,317.00,90.00,150.00,2030.00,410.73
1934-08-31,3538.00,800.00,431.00,317.00,90.00,150.00,2030.00,410.73
1934-09-30,3350.00,650.00,394.00,317.00,69.00,135.00,1773.00,397.49
1934-10-31,3163.00,720.00,326.00,274.00,46.00,120.00,1690.00,410.73
1934-11-30,3045.00,575.00,318.00,191.00,25.00,105.00,1690.00,397.49
1934-12-31,3055.00,575.00,323.00,152.00,27.00,106.00,1690.00,430.95
1935-01-31,2965.00,575.00,328.00,160.00,31.00,109.00,1690.00,461.20
1935-02-28,3002.00,575.00,323.00,177.00,40.00,113.00,1690.00,415.85
1935-03-31,3027.00,680.00,344.00,202.00,52.00,122.00,1690.00,438.20
1935-04-30,3234.00,800.00,386.00,269.00,68.00,133.00,1713.00,397.49
1935-05-31,3538.00,975.00,411.00,315.00,90.00,150.00,1895.00,410.73
1935-06-30,3538.00,975.00,431.00,317.00,90.00,150.00,2030.00,397.49
1935-07-31,3538.00,950.00,431.00,317.00,90.00,150.00,2030.00,410.73
1935-08-31,3538.00,800.00,431.00,317.00,90.00,150.00,2030.00,410.73
1935-09-30,3350.00,650.00,386.00,317.00,69.00,135.00,1773.00,397.49
1935-10-31,3163.00,720.00,302.00,274.00,46.00,120.00,1690.00,410.73
1935-11-30,3163.00,575.00,316.00,191.00,25.00,105.00,1690.00,397.49
1935-12-31,3143.00,575.00,323.00,152.00,28.00,107.00,1690.00,433.20
1936-01-31,2950.00,575.00,328.00,160.00,35.00,111.00,1690.00,454.51
1936-02-29,2788.00,575.00,323.00,177.00,25.00,105.00,1690.00,468.58
1936-03-31,2954.00,680.00,344.00,202.00,45.00,117.00,1690.00,464.88
1936-04-30,3408.00,800.00,363.00,269.00,76.00,138.00,1713.00,397.49
1936-05-31,3538.00,975.00,416.00,315.00,90.00,150.00,1960.00,410.73
1936-06-30,3538.00,975.00,431.00,317.00,90.00,150.00,2030.00,397.49
1936-07-31,3538.00,950.00,431.00,317.00,90.00,150.00,2030.00,410.73
1936-08-31,3538.00,800.00,431.00,317.00,90.00,150.00,2030.00,410.73
1936-09-30,3350.00,650.00,381.00,317.00,69.00,135.00,1773.00,397.49
1936-10-31,3163.00,720.00,295.00,274.00,46.00,120.00,1690.00,410.73
1936-11-30,3163.00,575.00,312.00,191.00,25.00,105.00,1690.00,397.49
1936-12-31,3143.00,575.00,323.00,152.00,26.00,106.00,1690.00,435.05
1937-01-31,3013.00,575.00,328.00,160.00,31.00,108.00,1690.00,471.40
1937-02-28,2900.00,575.00,323.00,169.00,29.00,106.00,1690.00,472.06
1937-03-31,2904.00,680.00,344.00,178.00,44.00,116.00,1690.00,464.88
1937-04-30,3385.00,800.00,386.00,250.00,76.00,138.00,1713.00,397.49
1937-05-31,3538.00,975.00,428.00,312.00,90.00,150.00,1990.00,410.73
1937-06-30,3538.00,975.00,431.00,317.00,90.00,150.00,2030.00,397.49
1937-07-31,3538.00,950.00,431.00,317.00,90.00,150.00,2030.00,410.73
1937-08-31,3538.00,800.00,431.00,317.00,90.00,150.00,2030.00,410.73
1937-09-30,3350.00,650.00,388.00,317.00,69.00,135.00,1773.00,397.49
1937-10-31,3163.00,720.00,304.00,274.00,46.00,120.00,1690.00,410.73
1937-11-30,2865.00,575.00,317.00,191.00,25.00,105.00,1690.00,397.49
1937-12-31,2867.00,575.00,259.00,152.00,27.00,106.00,1690.00,472.10
1938-01-31,2924.00,575.00,280.00,160.00,32.00,109.00,1690.00,522.64
1938-02-28,2788.00,575.00,280.00,169.00,29.00,106.00,1690.00,472.06
1938-03-31,2788.00,680.00,301.00,178.00,37.00,113.00,1690.00,464.88
1938-04-30,3277.00,800.00,244.00,250.00,68.00,133.00,1690.00,397.49
1938-05-31,3538.00,975.00,342.00,312.00,90.00,150.00,1730.00,410.73
1938-06-30,3538.00,975.00,431.00,317.00,90.00,150.00,2025.00,397.49
1938-07-31,3538.00,950.00,431.00,317.00,90.00,150.00,2030.00,410.73
1938-08-31,3538.00,800.00,431.00,317.00,90.00,150.00,2030.00,410.73
1938-09-30,3350.00,650.00,379.00,317.00,69.00,135.00,1773.00,397.49
1938-10-31,3163.00,720.00,286.00,274.00,46.00,120.00,1690.00,410.73
1938-11-30,3163.00,575.00,298.00,191.00,25.00,105.00,1690.00,397.49
1938-12-31,3163.00,575.00,323.00,152.00,28.00,107.00,1690.00,436.36
1939-01-31,3134.00,575.00,328.00,165.00,35.00,111.00,1690.00,459.85
1939-02-28,3163.00,575.00,323.00,188.00,42.00,115.00,1690.00,424.71
1939-03-31,3133.00,680.00,344.00,211.00,55.00,123.00,1690.00,441.32
1939-04-30,3459.00,800.00,363.00,270.00,81.00,141.00,1713.00,397.49
1939-05-31,3538.00,975.00,438.00,315.00,90.00,150.00,2002.00,410.73
1939-06-30,3538.00,975.00,431.00,317.00,90.00,150.00,2030.00,397.49
1939-07-31,3538.00,950.00,431.00,317.00,90.00,150.00,2030.00,410.73
1939-08-31,3538.00,800.00,431.00,317.00,90.00,150.00,2030.00,410.73
1939-09-30,3350.00,650.00,394.00,317.00,69.00,135.00,1773.00,397.49
1939-10-31,3163.00,720.00,326.00,274.00,46.00,120.00,1690.00,410.73
1939-11-30,3163.00,575.00,318.00,191.00,25.00,105.00,1690.00,397.49
1939-12-31,3154.00,575.00,323.00,152.00,28.00,107.00,1690.00,431.14
1940-01-31,2870.00,575.00,328.00,160.00,28.00,106.00,1690.00,477.57
1940-02-29,2788.00,575.00,322.00,177.00,26.00,105.00,1690.00,441.45
1940-03-31,2788.00,680.00,314.00,202.00,46.00,118.00,1690.00,464.88
1940-04-30,3238.00,800.00,363.00,269.00,75.00,138.00,1713.00,397.49
1940-05-31,3538.00,975.00,438.00,315.00,90.00,150.00,1990.00,410.73
1940-06-30,3538.00,975.00,431.00,317.00,90.00,150.00,2030.00,397.49
1940-07-31,3538.00,950.00,431.00,317.00,90.00,150.00,2030.00,410.73
1940-08-31,3538.00,800.00,431.00,317.00,90.00,150.00,2030.00,410.73
1940-09-30,3350.00,650.00,394.00,317.00,69.00,135.00,1773.00,397.49
1940-10-31,3163.00,720.00,312.00,274.00,46.00,120.00,1690.00,410.73
1940-11-30,3163.00,575.00,318.00,191.00,25.00,105.00,1690.00,397.49
1940-12-31,2788.00,575.00,323.00,152.00,25.00,105.00,1690.00,454.62
1941-01-31,2788.00,575.00,328.00,160.00,29.00,107.00,1690.00,504.31
1941-02-28,2788.00,575.00,323.00,169.00,28.00,106.00,1690.00,472.06
1941-03-31,2918.00,680.00,344.00,178.00,50.00,120.00,1690.00,464.88
1941-04-30,3334.00,800.00,386.00,250.00,71.00,135.00,1690.00,397.49
1941-05-31,3538.00,975.00,406.00,312.00,90.00,150.00,1830.00,410.73
1941-06-30,3538.00,975.00,431.00,317.00,90.00,150.00,2030.00,397.49
1941-07-31,3538.00,950.00,431.00,317.00,90.00,150.00,2030.00,410.73
1941-08-31,3538.00,800.00,431.00,317.00,90.00,150.00,2030.00,410.73
1941-09-30,3350.00,650.00,379.00,317.00,69.00,135.00,1773.00,397.49
1941-10-31,3163.00,720.00,290.00,274.00,46.00,120.00,1690.00,410.73
1941-11-30,3163.00,575.00,300.00,191.00,25.00,105.00,1690.00,397.49
1941-12-31,2788.00,575.00,290.00,152.00,25.00,105.00,1690.00,452.99
1942-01-31,2788.00,575.00,284.00,160.00,30.00,108.00,1690.00,522.64
1942-02-28,2806.00,575.00,276.00,169.00,38.00,112.00,1690.00,472.06
1942-03-31,3058.00,680.00,312.00,178.00,56.00,124.00,1690.00,464.88
1942-04-30,3281.00,800.00,348.00,250.00,75.00,137.00,1713.00,397.49
1942-05-31,3538.00,975.00,356.00,312.00,90.00,150.00,1765.00,410.73
1942-06-30,3538.00,975.00,431.00,317.00,90.00,150.00,2027.00,397.49
1942-07-31,3538.00,950.00,431.00,317.00,90.00,150.00,2030.00,410.73
1942-08-31,3538.00,800.00,431.00,317.00,90.00,150.00,2030.00,410.73
1942-09-30,3350.00,650.00,379.00,317.00,69.00,135.00,1773.00,397.49
1942-10-31,3163.00,720.00,289.00,274.00,46.00,120.00,1690.00,410.73
1942-11-30,3085.00,572.00,287.00,191.00,25.00,105.00,1690.00,397.49
1942-12-31,2966.00,564.00,292.00,152.00,28.00,107.00,1690.00,442.01
1943-01-31,2788.00,554.00,282.00,160.00,28.00,106.00,1690.00,522.64
1943-02-28,2890.00,553.00,272.00,169.00,36.00,111.00,1690.00,472.06
1943-03-31,2937.00,655.00,290.00,178.00,44.00,117.00,1690.00,464.88
1943-04-30,3350.00,800.00,363.00,250.00,74.00,137.00,1713.00,397.49
1943-05-31,3538.00,975.00,421.00,312.00,90.00,150.00,1970.00,410.73
1943-06-30,3538.00,975.00,431.00,317.00,90.00,150.00,2030.00,397.49
1943-07-31,3538.00,950.00,431.00,317.00,90.00,150.00,2030.00,410.73
1943-08-31,3538.00,800.00,431.00,317.00,90.00,150.00,2030.00,410.73
1943-09-30,3350.00,650.00,381.00,317.00,69.00,135.00,1773.00,397.49
1943-10-31,3163.00,720.00,298.00,274.00,46.00,120.00,1690.00,410.73
1943-11-30,3163.00,575.00,315.00,191.00,25.00,105.00,1690.00,397.49
1943-12-31,3163.00,575.00,323.00,152.00,28.00,107.00,1690.00,437.07
1944-01-31,3100.00,575.00,328.00,162.00,35.00,111.00,1690.00,459.16
1944-02-29,2916.00,575.00,323.00,181.00,34.00,110.00,1690.00,425.94
1944-03-31,3069.00,680.00,344.00,206.00,57.00,125.00,1690.00,441.42
1944-04-30,3425.00,800.00,386.00,268.00,77.00,139.00,1713.00,397.49
1944-05-31,3538.00,975.00,438.00,315.00,90.00,150.00,1990.00,410.73
1944-06-30,3538.00,975.00,431.00,317.00,90.00,150.00,2030.00,397.49
1944-07-31,3538.00,950.00,431.00,317.00,90.00,150.00,2030.00,410.73
1944-08-31,3538.00,800.00,431.00,317.00,90.00,150.00,2030.00,410.73
1944-09-30,3350.00,650.00,390.00,317.00,69.00,135.00,1773.00,397.49
1944-10-31,3163.00,720.00,306.00,274.00,46.00,120.00,1690.00,410.73
1944-11-30,3032.00,575.00,303.00,191.00,25.00,105.00,1690.00,397.49
1944-12-31,2982.00,575.00,321.00,152.00,28.00,106.00,1690.00,434.89
1945-01-31,3116.00,575.00,328.00,160.00,37.00,112.00,1690.00,458.34
1945-02-28,2981.00,575.00,312.00,177.00,38.00,112.00,1690.00,472.06
1945-03-31,3022.00,680.00,344.00,202.00,47.00,119.00,1690.00,464.88
1945-04-30,3459.00,800.00,375.00,269.00,78.00,139.00,1713.00,397.49
1945-05-31,3538.00,975.00,410.00,315.00,90.00,150.00,1975.00,410.73
1945-06-30,3538.00,975.00,431.00,317.00,90.00,150.00,2030.00,397.49
1945-07-31,3538.00,950.00,431.00,317.00,90.00,150.00,2030.00,410.73
1945-08-31,3538.00,800.00,431.00,317.00,90.00,150.00,2030.00,410.73
1945-09-30,3350.00,650.00,381.00,317.00,69.00,135.00,1773.00,397.49
1945-10-31,3018.00,720.00,293.00,274.00,46.00,120.00,1690.00,410.73
1945-11-30,2947.00,575.00,285.00,191.00,25.00,105.00,1690.00,397.49
1945-12-31,2788.00,575.00,276.00,152.00,26.00,106.00,1690.00,472.10
1946-01-31,3007.00,575.00,285.00,160.00,36.00,111.00,1690.00,522.64
1946-02-28,3064.00,575.00,292.00,177.00,42.00,116.00,1690.00,472.06
1946-03-31,3063.00,680.00,325.00,202.00,50.00,120.00,1690.00,464.88
1946-04-30,3459.00,800.00,363.00,269.00,80.00,141.00,1713.00,397.49
1946-05-31,3538.00,975.00,438.00,315.00,90.00,150.00,1975.00,410.73
1946-06-30,3538.00,975.00,431.00,317.00,90.00,150.00,2030.00,397.49
1946-07-31,3538.00,950.00,431.00,317.00,90.00,150.00,2030.00,410.73
1946-08-31,3538.00,800.00,431.00,317.00,90.00,150.00,2030.00,410.73
1946-09-30,3350.00,650.00,394.00,317.00,69.00,135.00,1773.00,397.49
1946-10-31,3163.00,720.00,310.00,274.00,46.00,120.00,1690.00,410.73
1946-11-30,3007.00,575.00,317.00,191.00,25.00,105.00,1690.00,397.49
1946-12-31,3076.00,575.00,323.00,152.00,27.00,106.00,1690.00,444.85
1947-01-31,3163.00,575.00,328.00,165.00,36.00,112.00,1690.00,463.59
1947-02-28,3099.00,575.00,323.00,188.00,44.00,116.00,1690.00,423.50
1947-03-31,2982.00,680.00,344.00,211.00,59.00,126.00,1690.00,431.47
1947-04-30,3447.00,800.00,386.00,270.00,81.00,142.00,1713.00,397.49
1947-05-31,3538.00,975.00,438.00,315.00,90.00,150.00,2002.00,410.73
1947-06-30,3538.00,975.00,431.00,317.00,90.00,150.00,2030.00,397.49
1947-07-31,3538.00,950.00,431.00,317.00,90.00,150.00,2030.00,410.73
1947-08-31,3538.00,800.00,431.00,317.00,90.00,150.00,2030.00,410.73
1947-09-30,3350.00,650.00,394.00,317.00,69.00,135.00,1773.00,397.49
1947-10-31,3081.00,720.00,326.00,274.00,46.00,120.00,1690.00,410.73
1947-11-30,3163.00,575.00,318.00,191.00,25.00,105.00,1690.00,397.49
1947-12-31,3163.00,575.00,323.00,152.00,28.00,107.00,1690.00,430.99
1948-01-31,3140.00,575.00,328.00,162.00,37.00,112.00,1690.00,445.48
1948-02-29,3163.00,575.00,323.00,181.00,46.00,117.00,1690.00,407.72
1948-03-31,2963.00,680.00,344.00,206.00,48.00,119.00,1690.00,429.87
1948-04-30,3084.00,800.00,386.00,268.00,66.00,132.00,1713.00,397.49
1948-05-31,3538.00,975.00,408.00,315.00,90.00,150.00,1950.00,410.73
1948-06-30,3538.00,975.00,431.00,317.00,90.00,150.00,2030.00,397.49
1948-07-31,3538.00,950.00,431.00,317.00,90.00,150.00,2030.00,410.73
1948-08-31,3538.00,800.00,431.00,317.00,90.00,150.00,2030.00,410.73
1948-09-30,3350.00,650.00,379.00,317.00,69.00,135.00,1773.00,397.49
1948-10-31,3163.00,720.00,292.00,274.00,46.00,120.00,1690.00,410.73
1948-11-30,3163.00,575.00,307.00,191.00,25.00,105.00,1690.00,397.49
1948-12-31,3111.00,575.00,323.00,152.00,28.00,107.00,1690.00,431.22
1949-01-31,3163.00,575.00,328.00,162.00,37.00,118.00,1690.00,447.08
1949-02-28,3104.00,575.00,323.00,181.00,43.00,115.00,1690.00,413.00
1949-03-31,3004.00,680.00,344.00,206.00,52.00,122.00,1690.00,435.48
1949-04-30,3459.00,800.00,386.00,268.00,81.00,141.00,1713.00,397.49
1949-05-31,3538.00,975.00,438.00,315.00,90.00,150.00,2002.00,410.73
1949-06-30,3538.00,975.00,431.00,317.00,90.00,150.00,2030.00,397.49
1949-07-31,3538.00,950.00,431.00,317.00,90.00,150.00,2030.00,410.73
1949-08-31,3538.00,800.00,431.00,317.00,90.00,150.00,2030.00,410.73
1949-09-30,3350.00,650.00,394.00,317.00,69.00,135.00,1773.00,397.49
1949-10-31,3163.00,720.00,309.00,274.00,46.00,120.00,1690.00,410.73
1949-11-30,3163.00,575.00,318.00,191.00,25.00,105.00,1690.00,397.49
1949-12-31,3163.00,575.00,323.00,152.00,28.00,107.00,1690.00,432.00
1950-01-31,2882.00,575.00,328.00,162.00,33.00,110.00,1690.00,454.35
1950-02-28,2935.00,575.00,323.00,181.00,41.00,114.00,1690.00,415.75
1950-03-31,2940.00,680.00,344.00,206.00,57.00,125.00,1690.00,432.99
1950-04-30,3373.00,800.00,386.00,268.00,79.00,140.00,1713.00,397.49
1950-05-31,3538.00,975.00,408.00,315.00,90.00,150.00,2002.00,410.73
1950-06-30,3538.00,975.00,431.00,317.00,90.00,150.00,2030.00,397.49
1950-07-31,3538.00,950.00,431.00,317.00,90.00,150.00,2030.00,410.73
1950-08-31,3538.00,800.00,431.00,317.00,90.00,150.00,2030.00,410.73
1950-09-30,3350.00,650.00,379.00,317.00,69.00,135.00,1773.00,397.49
1950-10-31,2984.00,720.00,287.00,274.00,46.00,120.00,1690.00,410.73
1950-11-30,2788.00,337.00,249.00,191.00,25.00,105.00,1690.00,397.49
1950-12-31,2866.00,305.00,254.00,152.00,27.00,106.00,1690.00,472.10
1951-01-31,2846.00,306.00,259.00,160.00,32.00,109.00,1690.00,522.64
1951-02-28,2925.00,309.00,254.00,177.00,41.00,114.00,1690.00,472.06
1951-03-31,3105.00,587.00,290.00,202.00,61.00,128.00,1690.00,464.88
1951-04-30,3435.00,800.00,363.00,269.00,79.00,140.00,1713.00,397.49
1951-05-31,3538.00,975.00,438.00,315.00,90.00,150.00,1955.00,410.73
1951-06-30,3538.00,975.00,431.00,317.00,90.00,150.00,2030.00,397.49
1951-07-31,3538.00,950.00,431.00,317.00,90.00,150.00,2030.00,410.73
1951-08-31,3538.00,800.00,431.00,317.00,90.00,150.00,2030.00,410.73
1951-09-30,3350.00,650.00,394.00,317.00,69.00,135.00,1773.00,397.49
1951-10-31,3163.00,720.00,308.00,274.00,46.00,120.00,1690.00,410.73
1951-11-30,2998.00,575.00,318.00,191.00,25.00,105.00,1690.00,397.49
1951-12-31,2788.00,575.00,323.00,152.00,26.00,106.00,1690.00,437.28
1952-01-31,2788.00,575.00,328.00,160.00,27.00,106.00,1690.00,522.64
1952-02-29,2832.00,575.00,323.00,169.00,38.00,113.00,1690.00,446.24
1952-03-31,2988.00,680.00,336.00,178.00,49.00,120.00,1690.00,464.88
1952-04-30,3452.00,800.00,253.00,250.00,75.00,137.00,1690.00,397.49
1952-05-31,3538.00,975.00,313.00,312.00,90.00,150.00,1895.00,410.73
1952-06-30,3538.00,975.00,423.00,317.00,90.00,150.00,2030.00,397.49
1952-07-31,3538.00,950.00,431.00,317.00,90.00,150.00,2030.00,410.73
1952-08-31,3538.00,800.00,431.00,317.00,90.00,150.00,2030.00,410.73
1952-09-30,3350.00,650.00,379.00,317.00,69.00,135.00,1773.00,397.49
1952-10-31,3163.00,720.00,273.00,274.00,46.00,120.00,1690.00,410.73
1952-11-30,3163.00,575.00,289.00,191.00,25.00,105.00,1690.00,397.49
1952-12-31,2918.00,575.00,318.00,152.00,27.00,106.00,1690.00,436.79
1953-01-31,2809.00,575.00,328.00,162.00,34.00,110.00,1690.00,491.18
1953-02-28,3101.00,575.00,269.00,181.00,46.00,117.00,1690.00,451.35
1953-03-31,3059.00,680.00,344.00,206.00,61.00,128.00,1690.00,441.84
1953-04-30,3284.00,800.00,386.00,268.00,78.00,139.00,1713.00,397.49
1953-05-31,3538.00,975.00,428.00,315.00,90.00,150.00,1990.00,410.73
1953-06-30,3538.00,975.00,431.00,317.00,90.00,150.00,2030.00,397.49
1953-07-31,3538.00,950.00,431.00,317.00,90.00,150.00,2030.00,410.73
1953-08-31,3538.00,800.00,431.00,317.00,90.00,150.00,2030.00,410.73
1953-09-30,3350.00,650.00,382.00,317.00,69.00,135.00,1773.00,397.49
1953-10-31,3163.00,720.00,287.00,274.00,46.00,120.00,1690.00,410.73
1953-11-30,3115.00,575.00,301.00,191.00,25.00,105.00,1690.00,397.49
1953-12-31,3163.00,575.00,323.00,152.00,28.00,107.00,1690.00,431.33
1954-01-31,2918.00,575.00,328.00,162.00,34.00,110.00,1690.00,447.33
1954-02-28,2903.00,575.00,323.00,181.00,39.00,113.00,1690.00,413.14
1954-03-31,2943.00,680.00,344.00,206.00,49.00,120.00,1690.00,433.23
1954-04-30,3292.00,800.00,369.00,268.00,74.00,137.00,1713.00,397.49
1954-05-31,3538.00,975.00,438.00,315.00,90.00,150.00,2002.00,410.73
1954-06-30,3538.00,975.00,431.00,317.00,90.00,150.00,2030.00,397.49
1954-07-31,3538.00,950.00,431.00,317.00,90.00,150.00,2030.00,410.73
1954-08-31,3538.00,800.00,431.00,317.00,90.00,150.00,2030.00,410.73
1954-09-30,3350.00,650.00,383.00,317.00,69.00,135.00,1773.00,397.49
1954-10-31,3163.00,720.00,301.00,274.00,46.00,120.00,1690.00,410.73
1954-11-30,3163.00,575.00,318.00,191.00,25.00,105.00,1690.00,397.49
1954-12-31,3074.00,575.00,323.00,152.00,28.00,107.00,1690.00,432.03
1955-01-31,3095.00,575.00,328.00,165.00,34.00,110.00,1690.00,460.93
1955-02-28,3105.00,575.00,323.00,188.00,41.00,114.00,1690.00,412.51
1955-03-31,3163.00,680.00,344.00,211.00,61.00,128.00,1690.00,431.46
1955-04-30,3366.00,800.00,386.00,270.00,76.00,138.00,1713.00,397.49
1955-05-31,3538.00,975.00,437.00,315.00,90.00,150.00,2002.00,410.73
1955-06-30,3538.00,975.00,431.00,317.00,90.00,150.00,2030.00,397.49
1955-07-31,3538.00,950.00,431.00,317.00,90.00,150.00,2030.00,410.73
1955-08-31,3538.00,800.00,431.00,317.00,90.00,150.00,2030.00,410.73
1955-09-30,3350.00,650.00,386.00,317.00,69.00,135.00,1773.00,397.49
1955-10-31,3163.00,720.00,305.00,274.00,46.00,120.00,1690.00,410.73
1955-11-30,3157.00,575.00,312.00,191.00,25.00,105.00,1690.00,397.49
1955-12-31,2788.00,541.00,266.00,152.00,25.00,105.00,1690.00,472.10
1956-01-31,2788.00,398.00,259.00,160.00,25.00,105.00,1690.00,522.64
1956-02-29,2788.00,426.00,270.00,169.00,35.00,111.00,1690.00,468.58
1956-03-31,3018.00,641.00,317.00,178.00,60.00,127.00,1690.00,464.88
1956-04-30,3427.00,800.00,364.00,250.00,75.00,138.00,1713.00,397.49
1956-05-31,3538.00,975.00,385.00,312.00,90.00,150.00,1915.00,410.73
1956-06-30,3538.00,975.00,431.00,317.00,90.00,150.00,2030.00,397.49
1956-07-31,3538.00,950.00,431.00,317.00,90.00,150.00,2030.00,410.73
1956-08-31,3538.00,800.00,431.00,317.00,90.00,150.00,2030.00,410.73
1956-09-30,3350.00,650.00,382.00,317.00,69.00,135.00,1773.00,397.49
1956-10-31,3080.00,720.00,277.00,274.00,46.00,120.00,1690.00,410.73
1956-11-30,3163.00,575.00,295.00,191.00,25.00,105.00,1690.00,397.49
1956-12-31,3163.00,575.00,320.00,152.00,28.00,107.00,1690.00,432.73
1957-01-31,3116.00,575.00,328.00,162.00,36.00,111.00,1690.00,451.06
1957-02-28,2847.00,575.00,323.00,181.00,40.00,113.00,1690.00,413.73
1957-03-31,2990.00,680.00,342.00,206.00,57.00,125.00,1690.00,433.17
1957-04-30,3388.00,800.00,380.00,268.00,79.00,140.00,1713.00,397.49
1957-05-31,3538.00,975.00,421.00,315.00,90.00,150.00,1975.00,410.73
1957-06-30,3538.00,975.00,431.00,317.00,90.00,150.00,2030.00,397.49
1957-07-31,3538.00,950.00,431.00,317.00,90.00,150.00,2030.00,410.73
1957-08-31,3538.00,800.00,431.00,317.00,90.00,150.00,2030.00,410.73
1957-09-30,3350.00,650.00,383.00,317.00,69.00,135.00,1773.00,397.49
1957-10-31,3156.00,720.00,293.00,274.00,46.00,120.00,1690.00,410.73
1957-11-30,3163.00,575.00,307.00,191.00,25.00,105.00,1690.00,397.49
1957-12-31,2996.00,575.00,323.00,152.00,28.00,107.00,1690.00,432.98
1958-01-31,2860.00,575.00,328.00,160.00,33.00,109.00,1690.00,454.96
1958-02-28,2788.00,575.00,323.00,169.00,32.00,108.00,1690.00,437.58
1958-03-31,2788.00,680.00,344.00,178.00,36.00,113.00,1690.00,464.88
1958-04-30,3235.00,800.00,366.00,250.00,66.00,132.00,1690.00,397.49
1958-05-31,3538.00,975.00,370.00,312.00,90.00,150.00,1910.00,410.73
1958-06-30,3538.00,975.00,431.00,317.00,90.00,150.00,2030.00,397.49
1958-07-31,3538.00,950.00,431.00,317.00,90.00,150.00,2030.00,410.73
1958-08-31,3538.00,800.00,431.00,317.00,90.00,150.00,2030.00,410.73
1958-09-30,3350.00,650.00,382.00,317.00,69.00,135.00,1773.00,397.49
1958-10-31,3163.00,720.00,279.00,274.00,46.00,120.00,1690.00,410.73
1958-11-30,3163.00,575.00,292.00,191.00,25.00,105.00,1690.00,397.49
1958-12-31,3163.00,575.00,316.00,152.00,28.00,107.00,1690.00,435.14
1959-01-31,2978.00,575.00,328.00,165.00,36.00,112.00,1690.00,456.88
1959-02-28,2839.00,575.00,323.00,188.00,35.00,111.00,1690.00,427.12
1959-03-31,3054.00,680.00,344.00,211.00,59.00,126.00,1690.00,438.58
1959-04-30,3459.00,800.00,373.00,270.00,80.00,141.00,1713.00,397.49
1959-05-31,3538.00,975.00,438.00,315.00,90.00,150.00,2002.00,410.73
1959-06-30,3538.00,975.00,431.00,317.00,90.00,150.00,2030.00,397.49
1959-07-31,3538.00,950.00,431.00,317.00,90.00,150.00,2030.00,410.73
1959-08-31,3538.00,800.00,431.00,317.00,90.00,150.00,2030.00,410.73
1959-09-30,3350.00,650.00,394.00,317.00,69.00,135.00,1773.00,397.49
1959-10-31,3163.00,720.00,307.00,274.00,46.00,120.00,1690.00,410.73
1959-11-30,3163.00,575.00,318.00,191.00,25.00,105.00,1690.00,397.49
1959-12-31,3163.00,575.00,323.00,152.00,28.00,107.00,1690.00,429.73
1960-01-31,2965.00,575.00,328.00,165.00,36.00,111.00,1690.00,443.79
1960-02-29,2936.00,575.00,323.00,188.00,39.00,113.00,1690.00,413.84
1960-03-31,2909.00,680.00,344.00,211.00,55.00,123.00,1690.00,429.88
1960-04-30,3365.00,800.00,363.00,270.00,75.00,137.00,1713.00,397.49
1960-05-31,3538.00,975.00,438.00,315.00,90.00,150.00,2002.00,410.73
1960-06-30,3538.00,975.00,431.00,317.00,90.00,150.00,2030.00,397.49
1960-07-31,3538.00,950.00,431.00,317.00,90.00,150.00,2030.00,410.73
1960-08-31,3538.00,800.00,431.00,317.00,90.00,150.00,2030.00,410.73
1960-09-30,3350.00,650.00,394.00,317.00,69.00,135.00,1773.00,397.49
1960-10-31,3163.00,720.00,310.00,274.00,46.00,120.00,1690.00,410.73
1960-11-30,3001.00,575.00,316.00,191.00,25.00,105.00,1690.00,397.49
1960-12-31,3117.00,575.00,323.00,152.00,28.00,107.00,1690.00,429.75
1961-01-31,3055.00,575.00,328.00,165.00,36.00,112.00,1690.00,442.43
1961-02-28,3077.00,575.00,323.00,188.00,46.00,117.00,1690.00,410.09
1961-03-31,3021.00,680.00,344.00,211.00,59.00,126.00,1690.00,428.67
1961-04-30,3416.00,800.00,386.00,270.00,81.00,141.00,1713.00,397.49
1961-05-31,3538.00,975.00,438.00,315.00,90.00,150.00,2002.00,410.73
1961-06-30,3538.00,975.00,431.00,317.00,90.00,150.00,2030.00,397.49
1961-07-31,3538.00,950.00,431.00,317.00,90.00,150.00,2030.00,410.73
1961-08-31,3538.00,800.00,431.00,317.00,90.00,150.00,2030.00,410.73
1961-09-30,3350.00,650.00,394.00,317.00,69.00,135.00,1773.00,397.49
1961-10-31,3163.00,720.00,326.00,274.00,46.00,120.00,1690.00,410.73
1961-11-30,3081.00,575.00,318.00,191.00,25.00,105.00,1690.00,397.49
1961-12-31,3106.00,575.00,323.00,152.00,28.00,107.00,1690.00,429.10
1962-01-31,3116.00,575.00,328.00,162.00,36.00,111.00,1690.00,437.57
1962-02-28,2788.00,575.00,323.00,181.00,26.00,105.00,1690.00,466.29
1962-03-31,2936.00,680.00,344.00,206.00,49.00,120.00,1690.00,446.23
1962-04-30,3426.00,800.00,384.00,268.00,79.00,140.00,1713.00,397.49
1962-05-31,3538.00,975.00,420.00,315.00,90.00,150.00,2002.00,410.73
1962-06-30,3538.00,975.00,431.00,317.00,90.00,150.00,2030.00,397.49
1962-07-31,3538.00,950.00,431.00,317.00,90.00,150.00,2030.00,410.73
1962-08-31,3538.00,800.00,431.00,317.00,90.00,150.00,2030.00,410.73
1962-09-30,3350.00,650.00,383.00,317.00,69.00,135.00,1773.00,397.49
1962-10-31,2839.00,720.00,287.00,274.00,46.00,120.00,1690.00,410.73
1962-11-30,3010.00,575.00,302.00,191.00,25.00,105.00,1690.00,397.49
1962-12-31,3051.00,575.00,323.00,152.00,28.00,107.00,1690.00,430.41
1963-01-31,2940.00,575.00,328.00,160.00,28.00,107.00,1690.00,450.89
1963-02-28,3057.00,535.00,256.00,177.00,36.00,111.00,1690.00,427.70
1963-03-31,2927.00,671.00,291.00,202.00,51.00,121.00,1690.00,435.08
1963-04-30,3180.00,800.00,356.00,269.00,67.00,132.00,1713.00,397.49
1963-05-31,3538.00,975.00,414.00,315.00,90.00,150.00,1980.00,410.73
1963-06-30,3538.00,975.00,431.00,317.00,90.00,150.00,2030.00,397.49
1963-07-31,3538.00,950.00,431.00,317.00,90.00,150.00,2030.00,410.73
1963-08-31,3538.00,800.00,431.00,317.00,90.00,150.00,2030.00,410.73
1963-09-30,3350.00,650.00,382.00,317.00,69.00,135.00,1773.00,397.49
1963-10-31,3163.00,720.00,292.00,274.00,46.00,120.00,1690.00,410.73
1963-11-30,3024.00,575.00,278.00,191.00,25.00,105.00,1690.00,397.49
1963-12-31,3163.00,575.00,306.00,152.00,28.00,107.00,1690.00,432.97
1964-01-31,3034.00,575.00,328.00,165.00,36.00,112.00,1690.00,455.89
1964-02-29,3163.00,575.00,323.00,188.00,46.00,118.00,1690.00,411.23
1964-03-31,3163.00,680.00,344.00,211.00,60.00,127.00,1690.00,430.09
1964-04-30,3459.00,800.00,386.00,270.00,81.00,142.00,1713.00,397.49
1964-05-31,3538.00,975.00,438.00,315.00,90.00,150.00,2002.00,410.73
1964-06-30,3538.00,975.00,431.00,317.00,90.00,150.00,2030.00,397.49
1964-07-31,3538.00,950.00,431.00,317.00,90.00,150.00,2030.00,410.73
1964-08-31,3538.00,800.00,431.00,317.00,90.00,150.00,2030.00,410.73
1964-09-30,3350.00,650.00,392.00,317.00,69.00,135.00,1773.00,397.49
1964-10-31,3163.00,720.00,312.00,274.00,46.00,120.00,1690.00,410.73
1964-11-30,3068.00,575.00,306.00,191.00,25.00,105.00,1690.00,397.49
1964-12-31,2788.00,335.00,263.00,152.00,25.00,105.00,1690.00,442.87
1965-01-31,2788.00,330.00,272.00,160.00,30.00,107.00,1690.00,522.64
1965-02-28,2997.00,352.00,280.00,169.00,41.00,114.00,1690.00,472.06
1965-03-31,3096.00,604.00,329.00,178.00,58.00,125.00,1690.00,461.03
1965-04-30,3354.00,800.00,375.00,250.00,76.00,138.00,1713.00,397.49
1965-05-31,3538.00,975.00,393.00,312.00,90.00,150.00,1900.00,410.73
1965-06-30,3538.00,975.00,431.00,317.00,90.00,150.00,2030.00,397.49
1965-07-31,3538.00,950.00,431.00,317.00,90.00,150.00,2030.00,410.73
1965-08-31,3538.00,800.00,431.00,317.00,90.00,150.00,2030.00,410.73
1965-09-30,3350.00,650.00,381.00,317.00,69.00,135.00,1773.00,397.49
1965-10-31,3163.00,720.00,304.00,274.00,46.00,120.00,1690.00,410.73
1965-11-30,2943.00,575.00,310.00,191.00,25.00,105.00,1690.00,397.49
1965-12-31,2946.00,575.00,323.00,152.00,27.00,106.00,1690.00,461.38
1966-01-31,3015.00,575.00,328.00,162.00,35.00,111.00,1690.00,495.73
1966-02-28,3100.00,575.00,323.00,181.00,44.00,116.00,1690.00,454.31
1966-03-31,3163.00,680.00,344.00,206.00,61.00,128.00,1690.00,436.81
1966-04-30,3459.00,800.00,374.00,268.00,81.00,142.00,1713.00,397.49
1966-05-31,3538.00,975.00,438.00,315.00,90.00,150.00,2002.00,410.73
1966-06-30,3538.00,975.00,431.00,317.00,90.00,150.00,2030.00,397.49
1966-07-31,3538.00,950.00,431.00,317.00,90.00,150.00,2030.00,410.73
1966-08-31,3538.00,800.00,431.00,317.00,90.00,150.00,2030.00,410.73
1966-09-30,3350.00,650.00,395.00,317.00,69.00,135.00,1773.00,397.49
1966-10-31,3162.00,720.00,325.00,274.00,46.00,120.00,1690.00,410.73
1966-11-30,2913.00,575.00,318.00,191.00,25.00,105.00,1690.00,397.49
1966-12-31,2973.00,575.00,323.00,152.00,27.00,106.00,1690.00,440.57
1967-01-31,2787.00,575.00,328.00,160.00,29.00,107.00,1690.00,467.33
1967-02-28,2951.00,575.00,323.00,169.00,41.00,114.00,1690.00,417.03
1967-03-31,2847.00,680.00,343.00,178.00,47.00,118.00,1690.00,464.88
1967-04-30,3236.00,800.00,367.00,250.00,58.00,127.00,1690.00,397.49
1967-05-31,3538.00,975.00,296.00,312.00,90.00,150.00,1880.00,410.73
1967-06-30,3538.00,975.00,411.00,317.00,90.00,150.00,2030.00,397.49
1967-07-31,3538.00,950.00,431.00,317.00,90.00,150.00,2030.00,410.73
1967-08-31,3538.00,800.00,431.00,317.00,90.00,150.00,2030.00,410.73
1967-09-30,3350.00,650.00,383.00,317.00,69.00,135.00,1773.00,397.49
1967-10-31,3162.00,720.00,281.00,274.00,46.00,120.00,1690.00,410.73
1967-11-30,3162.00,575.00,295.00,191.00,25.00,105.00,1690.00,397.49
1967-12-31,3141.00,575.00,323.00,152.00,28.00,107.00,1690.00,433.05
1968-01-31,2922.00,575.00,328.00,165.00,36.00,111.00,1690.00,455.52
1968-02-29,2962.00,575.00,323.00,188.00,44.00,116.00,1690.00,413.84
1968-03-31,3036.00,680.00,343.00,211.00,59.00,126.00,1690.00,434.34
1968-04-30,3459.00,800.00,384.00,270.00,81.00,142.00,1713.00,397.49
1968-05-31,3538.00,975.00,438.00,315.00,90.00,150.00,2002.00,410.73
1968-06-30,3538.00,975.00,431.00,317.00,90.00,150.00,2030.00,397.49
1968-07-31,3538.00,950.00,431.00,317.00,90.00,150.00,2030.00,410.73
1968-08-31,3538.00,800.00,431.00,317.00,90.00,150.00,2030.00,410.73
1968-09-30,3162.00,650.00,394.00,317.00,69.00,135.00,1773.00,397.49
1968-10-31,3162.00,720.00,316.00,274.00,46.00,120.00,1690.00,410.73
1968-11-30,3097.00,575.00,306.00,191.00,25.00,105.00,1690.00,397.49
1968-12-31,2908.00,575.00,323.00,152.00,27.00,106.00,1690.00,433.22
1969-01-31,2788.00,575.00,321.00,160.00,25.00,105.00,1690.00,522.64
1969-02-28,2788.00,575.00,323.00,169.00,25.00,105.00,1690.00,472.06
1969-03-31,3027.00,680.00,343.00,178.00,45.00,117.00,1690.00,464.88
1969-04-30,3470.00,800.00,327.00,250.00,73.00,136.00,1690.00,397.49
1969-05-31,3538.00,975.00,359.00,312.00,90.00,150.00,1930.00,410.73
1969-06-30,3538.00,975.00,431.00,317.00,90.00,150.00,2030.00,397.49
1969-07-31,3538.00,950.00,431.00,317.00,90.00,150.00,2030.00,410.73
1969-08-31,3538.00,800.00,431.00,317.00,90.00,150.00,2030.00,410.73
1969-09-30,3162.00,650.00,384.00,317.00,69.00,135.00,1773.00,397.49
1969-10-31,3162.00,720.00,296.00,274.00,46.00,120.00,1690.00,410.73
1969-11-30,3162.00,575.00,303.00,191.00,25.00,105.00,1690.00,397.49
1969-12-31,2806.00,565.00,313.00,152.00,28.00,107.00,1690.00,449.06
1970-01-31,2787.00,336.00,258.00,160.00,30.00,107.00,1690.00,522.64
1970-02-28,2787.00,353.00,253.00,177.00,39.00,113.00,1690.00,472.06
1970-03-31,3163.00,602.00,297.00,202.00,57.00,125.00,1690.00,464.88
1970-04-30,3465.00,800.00,364.00,269.00,81.00,141.00,1713.00,397.49
1970-05-31,3538.00,975.00,424.00,315.00,90.00,150.00,2002.00,410.73
1970-06-30,3538.00,975.00,431.00,317.00,90.00,150.00,2030.00,397.49
1970-07-31,3538.00,950.00,431.00,317.00,90.00,150.00,2030.00,410.73
1970-08-31,3538.00,800.00,431.00,317.00,90.00,150.00,2030.00,410.73
1970-09-30,3350.00,650.00,384.00,317.00,69.00,135.00,1773.00,397.49
1970-10-31,3163.00,720.00,302.00,274.00,46.00,120.00,1690.00,410.73
1970-11-30,2957.00,575.00,306.00,191.00,25.00,105.00,1690.00,397.49
1970-12-31,2788.00,575.00,323.00,152.00,27.00,106.00,1690.00,434.35
1971-01-31,3004.00,575.00,328.00,162.00,34.00,111.00,1690.00,460.37
1971-02-28,3162.00,575.00,323.00,181.00,40.00,116.00,1690.00,415.31
1971-03-31,3162.00,680.00,343.00,206.00,55.00,128.00,1690.00,449.05
1971-04-30,3433.00,800.00,385.00,268.00,75.00,142.00,1713.00,397.49
1971-05-31,3538.00,975.00,424.00,315.00,90.00,150.00,2002.00,410.73
1971-06-30,3538.00,975.00,431.00,317.00,90.00,150.00,2030.00,397.49
1971-07-31,3538.00,950.00,431.00,317.00,90.00,150.00,2030.00,410.73
1971-08-31,3538.00,800.00,431.00,317.00,90.00,150.00,2030.00,410.73
1971-09-30,3162.00,650.00,394.00,317.00,69.00,135.00,1773.00,397.49
1971-10-31,3163.00,720.00,325.00,274.00,46.00,120.00,1690.00,410.73
1971-11-30,3163.00,575.00,318.00,191.00,25.00,105.00,1690.00,397.49
1971-12-31,3029.00,575.00,323.00,152.00,28.00,106.00,1690.00,432.79
1972-01-31,3088.00,575.00,328.00,165.00,35.00,112.00,1690.00,443.56
1972-02-29,3058.00,575.00,323.00,188.00,42.00,118.00,1690.00,410.87
1972-03-31,3163.00,680.00,343.00,211.00,57.00,128.00,1690.00,428.80
1972-04-30,3463.00,800.00,385.00,270.00,77.00,142.00,1713.00,397.49
1972-05-31,3538.00,975.00,438.00,315.00,90.00,150.00,2002.00,410.73
1972-06-30,3538.00,975.00,431.00,317.00,90.00,150.00,2030.00,397.49
1972-07-31,3538.00,950.00,431.00,317.00,90.00,150.00,2030.00,410.73
1972-08-31,3538.00,800.00,431.00,317.00,90.00,150.00,2030.00,410.73
1972-09-30,3338.00,650.00,393.00,317.00,69.00,135.00,1773.00,397.49
1972-10-31,3163.00,720.00,307.00,274.00,46.00,120.00,1690.00,410.73
1972-11-30,3053.00,575.00,312.00,191.00,25.00,105.00,1690.00,397.49
1972-12-31,3053.00,575.00,323.00,152.00,26.00,106.00,1690.00,432.76
1973-01-31,2788.00,575.00,328.00,160.00,28.00,107.00,1690.00,455.79
1973-02-28,2788.00,575.00,323.00,177.00,36.00,113.00,1690.00,460.95
1973-03-31,2951.00,680.00,343.00,202.00,51.00,125.00,1690.00,453.38
1973-04-30,3463.00,800.00,385.00,269.00,67.00,141.00,1713.00,397.49
1973-05-31,3538.00,975.00,432.00,315.00,90.00,150.00,1980.00,410.73
1973-06-30,3538.00,975.00,431.00,317.00,90.00,150.00,2030.00,397.49
1973-07-31,3538.00,950.00,431.00,317.00,90.00,150.00,2030.00,410.73
1973-08-31,3538.00,800.00,431.00,317.00,90.00,150.00,2030.00,410.73
1973-09-30,3338.00,650.00,394.00,317.00,69.00,135.00,1773.00,397.49
1973-10-31,3163.00,720.00,314.00,274.00,46.00,120.00,1690.00,410.73
1973-11-30,2788.00,561.00,274.00,191.00,25.00,105.00,1690.00,397.49
1973-12-31,2800.00,556.00,286.00,152.00,25.00,105.00,1690.00,460.12
1974-01-31,2870.00,452.00,280.00,160.00,28.00,105.00,1690.00,522.64
1974-02-28,3009.00,515.00,299.00,169.00,29.00,105.00,1690.00,452.86
1974-03-31,2788.00,637.00,336.00,178.00,47.00,117.00,1690.00,464.88
1974-04-30,3292.00,800.00,383.00,250.00,58.00,136.00,1690.00,397.49
1974-05-31,3538.00,975.00,407.00,312.00,90.00,150.00,1900.00,410.73
1974-06-30,3538.00,975.00,431.00,317.00,90.00,150.00,2030.00,397.49
1974-07-31,3538.00,950.00,431.00,317.00,90.00,150.00,2030.00,410.73
1974-08-31,3538.00,800.00,431.00,317.00,90.00,150.00,2030.00,410.73
1974-09-30,3338.00,650.00,394.00,317.00,69.00,135.00,1773.00,397.49
1974-10-31,3163.00,720.00,312.00,274.00,46.00,120.00,1690.00,410.73
1974-11-30,3163.00,575.00,318.00,191.00,25.00,105.00,1690.00,397.49
1974-12-31,3163.00,575.00,323.00,152.00,26.00,105.00,1690.00,438.55
1975-01-31,3163.00,575.00,328.00,160.00,28.00,107.00,1690.00,458.26
1975-02-28,2884.00,575.00,323.00,169.00,36.00,113.00,1690.00,472.06
1975-03-31,2833.00,680.00,343.00,178.00,51.00,125.00,1690.00,464.88
1975-04-30,3320.00,800.00,385.00,250.00,67.00,141.00,1713.00,397.49
1975-05-31,3538.00,975.00,396.00,312.00,90.00,150.00,1980.00,410.73
1975-06-30,3538.00,975.00,431.00,317.00,90.00,150.00,2030.00,397.49
1975-07-31,3538.00,950.00,431.00,317.00,90.00,150.00,2030.00,410.73
1975-08-31,3538.00,800.00,431.00,317.00,90.00,150.00,2030.00,410.73
1975-09-30,3338.00,650.00,394.00,317.00,69.00,135.00,1773.00,397.49
1975-10-31,3140.00,720.00,310.00,274.00,46.00,120.00,1690.00,410.73
1975-11-30,3163.00,567.00,311.00,191.00,25.00,105.00,1690.00,397.49
1975-12-31,3163.00,575.00,323.00,152.00,28.00,107.00,1690.00,433.43
1976-01-31,3163.00,575.00,328.00,165.00,37.00,112.00,1690.00,452.10
1976-02-29,3162.00,575.00,323.00,188.00,46.00,118.00,1690.00,413.38
1976-03-31,3163.00,680.00,343.00,211.00,61.00,128.00,1690.00,430.56
1976-04-30,3463.00,800.00,385.00,270.00,82.00,142.00,1713.00,397.49
1976-05-31,3538.00,975.00,438.00,315.00,90.00,150.00,2002.00,410.73
1976-06-30,3538.00,975.00,431.00,317.00,90.00,150.00,2030.00,397.49
1976-07-31,3538.00,950.00,431.00,317.00,90.00,150.00,2030.00,410.73
1976-08-31,3538.00,800.00,431.00,317.00,90.00,150.00,2030.00,410.73
1976-09-30,3338.00,650.00,394.00,317.00,69.00,135.00,1773.00,397.49
1976-10-31,3163.00,720.00,325.00,274.00,46.00,120.00,1690.00,410.73
1976-11-30,3163.00,575.00,318.00,191.00,25.00,105.00,1690.00,397.49
1976-12-31,3163.00,575.00,323.00,152.00,28.00,107.00,1690.00,427.87
1977-01-31,3163.00,575.00,328.00,165.00,37.00,112.00,1690.00,441.26
1977-02-28,3163.00,575.00,323.00,188.00,46.00,118.00,1690.00,405.52
1977-03-31,3163.00,680.00,343.00,211.00,61.00,128.00,1690.00,424.14
1977-04-30,3463.00,800.00,385.00,270.00,82.00,142.00,1713.00,397.49
1977-05-31,3538.00,975.00,438.00,315.00,90.00,150.00,2002.00,410.73
1977-06-30,3538.00,975.00,431.00,317.00,90.00,150.00,2030.00,397.49
1977-07-31,3538.00,950.00,431.00,317.00,90.00,150.00,2030.00,410.73
1977-08-31,3538.00,800.00,431.00,317.00,90.00,150.00,2030.00,410.73
1977-09-30,3338.00,650.00,394.00,317.00,69.00,135.00,1773.00,397.49
1977-10-31,3163.00,720.00,325.00,274.00,46.00,120.00,1690.00,410.73
1977-11-30,3163.00,575.00,318.00,191.00,25.00,105.00,1690.00,397.49
1977-12-31,2908.00,575.00,323.00,152.00,25.00,105.00,1690.00,427.59
1978-01-31,2788.00,575.00,328.00,160.00,28.00,105.00,1690.00,472.08
1978-02-28,2853.00,575.00,323.00,169.00,36.00,105.00,1690.00,472.06
1978-03-31,2944.00,680.00,343.00,178.00,51.00,117.00,1690.00,464.88
1978-04-30,3218.00,800.00,385.00,250.00,58.00,136.00,1690.00,397.49
1978-05-31,3538.00,975.00,375.00,312.00,90.00,150.00,1900.00,410.73
1978-06-30,3538.00,975.00,431.00,317.00,90.00,150.00,2030.00,397.49
1978-07-31,3538.00,950.00,431.00,317.00,90.00,150.00,2030.00,410.73
1978-08-31,3538.00,800.00,431.00,317.00,90.00,150.00,2030.00,410.73
1978-09-30,3338.00,650.00,385.00,317.00,69.00,135.00,1773.00,397.49
1978-10-31,3163.00,720.00,299.00,274.00,46.00,120.00,1690.00,410.73
1978-11-30,3163.00,575.00,314.00,191.00,25.00,105.00,1690.00,397.49
1978-12-31,3163.00,575.00,323.00,152.00,26.00,106.00,1690.00,437.16
1979-01-31,3111.00,575.00,328.00,160.00,28.00,107.00,1690.00,493.53
1979-02-28,2843.00,575.00,323.00,177.00,36.00,113.00,1690.00,472.06
1979-03-31,3001.00,680.00,343.00,202.00,51.00,125.00,1690.00,464.88
1979-04-30,3380.00,800.00,385.00,269.00,67.00,141.00,1713.00,397.49
1979-05-31,3538.00,975.00,435.00,315.00,90.00,150.00,1980.00,410.73
1979-06-30,3538.00,975.00,431.00,317.00,90.00,150.00,2030.00,397.49
1979-07-31,3538.00,950.00,431.00,317.00,90.00,150.00,2030.00,410.73
1979-08-31,3538.00,800.00,431.00,317.00,90.00,150.00,2030.00,410.73
1979-09-30,3351.00,650.00,387.00,317.00,69.00,135.00,1773.00,397.49
1979-10-31,3115.00,720.00,299.00,274.00,46.00,120.00,1690.00,410.73
1979-11-30,3107.00,575.00,305.00,191.00,25.00,105.00,1690.00,397.49
1979-12-31,2917.00,575.00,323.00,152.00,28.00,107.00,1690.00,434.73
1980-01-31,2813.00,421.00,279.00,160.00,30.00,107.00,1690.00,522.64
1980-02-29,2788.00,373.00,271.00,169.00,29.00,106.00,1690.00,468.58
1980-03-31,3028.00,618.00,326.00,178.00,52.00,121.00,1690.00,464.88
1980-04-30,3445.00,800.00,368.00,250.00,77.00,138.00,1690.00,397.49
1980-05-31,3538.00,975.00,380.00,312.00,90.00,150.00,1900.00,410.73
1980-06-30,3538.00,975.00,431.00,317.00,90.00,150.00,2030.00,397.49
1980-07-31,3538.00,950.00,431.00,317.00,90.00,150.00,2030.00,410.73
1980-08-31,3538.00,800.00,431.00,317.00,90.00,150.00,2030.00,410.73
1980-09-30,3351.00,650.00,384.00,317.00,69.00,135.00,1773.00,397.49
1980-10-31,3163.00,720.00,279.00,274.00,46.00,120.00,1690.00,410.73
1980-11-30,3163.00,575.00,286.00,191.00,25.00,105.00,1690.00,397.49
1980-12-31,3163.00,575.00,319.00,152.00,28.00,107.00,1690.00,434.81
1981-01-31,2947.00,575.00,328.00,165.00,31.00,108.00,1690.00,458.61
1981-02-28,3075.00,575.00,323.00,188.00,40.00,113.00,1690.00,416.45
1981-03-31,3024.00,680.00,343.00,211.00,54.00,123.00,1690.00,437.35
1981-04-30,3459.00,800.00,385.00,270.00,78.00,139.00,1713.00,397.49
1981-05-31,3538.00,975.00,438.00,315.00,90.00,150.00,2002.00,410.73
1981-06-30,3538.00,975.00,431.00,317.00,90.00,150.00,2030.00,397.49
1981-07-31,3538.00,950.00,431.00,317.00,90.00,150.00,2030.00,410.73
1981-08-31,3538.00,800.00,431.00,317.00,90.00,150.00,2030.00,410.73
1981-09-30,3351.00,650.00,394.00,317.00,69.00,135.00,1773.00,397.49
1981-10-31,3163.00,720.00,323.00,274.00,46.00,120.00,1690.00,410.73
1981-11-30,2788.00,538.00,287.00,191.00,25.00,105.00,1690.00,397.49
1981-12-31,2788.00,332.00,253.00,152.00,27.00,106.00,1690.00,434.59
1982-01-31,2943.00,356.00,273.00,160.00,30.00,107.00,1690.00,479.11
1982-02-28,2987.00,309.00,253.00,169.00,35.00,110.00,1690.00,472.06
1982-03-31,2936.00,570.00,288.00,178.00,37.00,113.00,1690.00,464.88
1982-04-30,3303.00,800.00,304.00,250.00,67.00,132.00,1690.00,397.49
1982-05-31,3538.00,975.00,381.00,312.00,90.00,150.00,1900.00,410.73
1982-06-30,3538.00,975.00,431.00,317.00,90.00,150.00,2030.00,397.49
1982-07-31,3538.00,950.00,431.00,317.00,90.00,150.00,2030.00,410.73
1982-08-31,3538.00,800.00,431.00,317.00,90.00,150.00,2030.00,410.73
1982-09-30,3351.00,650.00,382.00,317.00,69.00,135.00,1773.00,397.49
1982-10-31,3149.00,720.00,263.00,274.00,46.00,120.00,1690.00,410.73
1982-11-30,2981.00,498.00,254.00,191.00,25.00,105.00,1690.00,397.49
1982-12-31,2930.00,513.00,265.00,152.00,26.00,105.00,1690.00,472.10
1983-01-31,2854.00,523.00,297.00,160.00,25.00,105.00,1690.00,522.64
1983-02-28,2788.00,523.00,303.00,169.00,25.00,105.00,1690.00,472.06
1983-03-31,2788.00,642.00,335.00,178.00,36.00,113.00,1690.00,464.88
1983-04-30,3208.00,800.00,344.00,250.00,59.00,127.00,1690.00,397.49
1983-05-31,3538.00,975.00,254.00,312.00,90.00,150.00,1900.00,410.73
1983-06-30,3538.00,975.00,370.00,317.00,90.00,150.00,2030.00,397.49
1983-07-31,3538.00,950.00,431.00,317.00,90.00,150.00,2030.00,410.73
1983-08-31,3538.00,800.00,431.00,317.00,90.00,150.00,2030.00,410.73
1983-09-30,3351.00,650.00,381.00,317.00,69.00,135.00,1773.00,397.49
1983-10-31,3163.00,718.00,279.00,274.00,46.00,120.00,1690.00,410.73
1983-11-30,2950.00,333.00,248.00,191.00,25.00,105.00,1690.00,397.49
1983-12-31,2788.00,305.00,253.00,152.00,28.00,107.00,1690.00,472.10
1984-01-31,3091.00,308.00,258.00,160.00,28.00,106.00,1690.00,522.64
1984-02-29,3078.00,330.00,262.00,177.00,36.00,111.00,1690.00,468.58
1984-03-31,3120.00,585.00,307.00,202.00,44.00,117.00,1690.00,464.88
1984-04-30,3459.00,800.00,373.00,269.00,74.00,137.00,1713.00,397.49
1984-05-31,3538.00,975.00,430.00,315.00,90.00,150.00,1970.00,410.73
1984-06-30,3538.00,975.00,431.00,317.00,90.00,150.00,2030.00,397.49
1984-07-31,3538.00,950.00,431.00,317.00,90.00,150.00,2030.00,410.73
1984-08-31,3538.00,800.00,431.00,317.00,90.00,150.00,2030.00,410.73
1984-09-30,3351.00,650.00,394.00,317.00,69.00,135.00,1773.00,397.49
1984-10-31,3163.00,720.00,315.00,274.00,46.00,120.00,1690.00,410.73
1984-11-30,2977.00,574.00,314.00,191.00,25.00,105.00,1690.00,397.49
1984-12-31,3133.00,575.00,323.00,152.00,28.00,107.00,1690.00,433.53
1985-01-31,3163.00,575.00,328.00,165.00,35.00,111.00,1690.00,459.28
1985-02-28,3163.00,575.00,323.00,188.00,34.00,110.00,1690.00,427.00
1985-03-31,3117.00,680.00,343.00,211.00,57.00,125.00,1690.00,435.94
1985-04-30,3459.00,800.00,385.00,270.00,77.00,139.00,1713.00,397.49
1985-05-31,3538.00,975.00,438.00,315.00,90.00,150.00,1990.00,410.73
1985-06-30,3538.00,975.00,431.00,317.00,90.00,150.00,2030.00,397.49
1985-07-31,3538.00,950.00,431.00,317.00,90.00,150.00,2030.00,410.73
1985-08-31,3538.00,800.00,431.00,317.00,90.00,150.00,2030.00,410.73
1985-09-30,3351.00,650.00,394.00,317.00,69.00,135.00,1773.00,397.49
1985-10-31,3163.00,720.00,308.00,274.00,46.00,120.00,1690.00,410.73
1985-11-30,3029.00,575.00,318.00,191.00,25.00,105.00,1690.00,397.49
1985-12-31,3125.00,575.00,323.00,152.00,28.00,106.00,1690.00,434.38
1986-01-31,2939.00,575.00,328.00,160.00,37.00,112.00,1690.00,448.99
1986-02-28,2788.00,358.00,258.00,169.00,38.00,112.00,1690.00,472.06
1986-03-31,2788.00,570.00,290.00,178.00,47.00,119.00,1690.00,464.88
1986-04-30,3381.00,800.00,363.00,250.00,78.00,139.00,1713.00,397.49
1986-05-31,3538.00,975.00,414.00,312.00,90.00,150.00,1975.00,410.73
1986-06-30,3538.00,975.00,431.00,317.00,90.00,150.00,2030.00,397.49
1986-07-31,3538.00,950.00,431.00,317.00,90.00,150.00,2030.00,410.73
1986-08-31,3538.00,800.00,431.00,317.00,90.00,150.00,2030.00,410.73
1986-09-30,3351.00,650.00,384.00,317.00,69.00,135.00,1773.00,397.49
1986-10-31,3163.00,720.00,287.00,274.00,46.00,120.00,1690.00,410.73
1986-11-30,3163.00,575.00,301.00,191.00,25.00,105.00,1690.00,397.49
1986-12-31,3163.00,575.00,323.00,152.00,28.00,107.00,1690.00,435.09
1987-01-31,3150.00,575.00,328.00,165.00,37.00,112.00,1690.00,452.65
1987-02-28,3098.00,575.00,323.00,188.00,46.00,118.00,1690.00,412.22
1987-03-31,3053.00,680.00,343.00,211.00,61.00,128.00,1690.00,435.90
1987-04-30,3459.00,800.00,384.00,270.00,82.00,142.00,1713.00,397.49
1987-05-31,3538.00,975.00,438.00,315.00,90.00,150.00,2002.00,410.73
1987-06-30,3538.00,975.00,431.00,317.00,90.00,150.00,2030.00,397.49
1987-07-31,3538.00,950.00,431.00,317.00,90.00,150.00,2030.00,410.73
1987-08-31,3538.00,800.00,431.00,317.00,90.00,150.00,2030.00,410.73
1987-09-30,3351.00,650.00,394.00,317.00,69.00,135.00,1773.00,397.49
1987-10-31,3163.00,720.00,325.00,274.00,46.00,120.00,1690.00,410.73
1987-11-30,3163.00,575.00,318.00,191.00,25.00,105.00,1690.00,397.49
1987-12-31,3009.00,575.00,323.00,152.00,28.00,107.00,1690.00,429.38
1988-01-31,3010.00,575.00,328.00,165.00,37.00,112.00,1690.00,444.53
1988-02-29,3160.00,575.00,323.00,188.00,40.00,114.00,1690.00,406.79
1988-03-31,3163.00,680.00,343.00,211.00,57.00,125.00,1690.00,426.26
1988-04-30,3447.00,800.00,382.00,270.00,80.00,141.00,1713.00,397.49
1988-05-31,3538.00,975.00,438.00,315.00,90.00,150.00,1990.00,410.73
1988-06-30,3538.00,975.00,431.00,317.00,90.00,150.00,2030.00,397.49
1988-07-31,3538.00,950.00,431.00,317.00,90.00,150.00,2030.00,410.73
1988-08-31,3538.00,800.00,431.00,317.00,90.00,150.00,2030.00,410.73
1988-09-30,3351.00,650.00,394.00,317.00,69.00,135.00,1773.00,397.49
1988-10-31,3163.00,720.00,325.00,274.00,46.00,120.00,1690.00,410.73
1988-11-30,2973.00,575.00,318.00,191.00,25.00,105.00,1690.00,397.49
1988-12-31,3021.00,575.00,323.00,152.00,28.00,107.00,1690.00,428.53
1989-01-31,3144.00,575.00,328.00,165.00,36.00,112.00,1690.00,439.02
1989-02-28,3163.00,575.00,323.00,188.00,44.00,116.00,1690.00,409.53
1989-03-31,2788.00,676.00,313.00,211.00,61.00,128.00,1690.00,429.65
1989-04-30,3335.00,800.00,363.00,270.00,81.00,142.00,1713.00,397.49
1989-05-31,3538.00,975.00,438.00,315.00,90.00,150.00,2002.00,410.73
1989-06-30,3538.00,975.00,431.00,317.00,90.00,150.00,2030.00,397.49
1989-07-31,3538.00,950.00,431.00,317.00,90.00,150.00,2030.00,410.73
1989-08-31,3538.00,800.00,431.00,317.00,90.00,150.00,2030.00,410.73
1989-09-30,3351.00,650.00,385.00,317.00,69.00,135.00,1773.00,397.49
1989-10-31,3102.00,720.00,286.00,274.00,46.00,120.00,1690.00,410.73
1989-11-30,3123.00,575.00,289.00,191.00,25.00,105.00,1690.00,397.49
1989-12-31,3163.00,575.00,316.00,152.00,28.00,107.00,1690.00,427.96
1990-01-31,3078.00,575.00,328.00,165.00,37.00,112.00,1690.00,438.41
1990-02-28,3108.00,575.00,323.00,188.00,38.00,112.00,1690.00,409.89
1990-03-31,3163.00,680.00,343.00,211.00,61.00,127.00,1690.00,425.52
1990-04-30,3451.00,800.00,376.00,270.00,81.00,142.00,1713.00,397.49
1990-05-31,3538.00,975.00,438.00,315.00,90.00,150.00,2002.00,410.73
1990-06-30,3538.00,975.00,431.00,317.00,90.00,150.00,2030.00,397.49
1990-07-31,3538.00,950.00,431.00,317.00,90.00,150.00,2030.00,410.73
1990-08-31,3538.00,800.00,431.00,317.00,90.00,150.00,2030.00,410.73
1990-09-30,3351.00,650.00,394.00,317.00,69.00,135.00,1773.00,397.49
1990-10-31,3163.00,720.00,325.00,274.00,46.00,120.00,1690.00,410.73
1990-11-30,3163.00,575.00,318.00,191.00,25.00,105.00,1690.00,397.49
1990-12-31,3163.00,575.00,323.00,152.00,28.00,107.00,1690.00,426.38
1991-01-31,3163.00,575.00,328.00,165.00,37.00,112.00,1690.00,435.93
1991-02-28,3163.00,575.00,323.00,188.00,38.00,112.00,1690.00,406.03
1991-03-31,2858.00,680.00,343.00,211.00,61.00,127.00,1690.00,434.66
1991-04-30,3393.00,800.00,376.00,270.00,81.00,142.00,1713.00,397.49
1991-05-31,3538.00,975.00,438.00,315.00,90.00,150.00,2002.00,410.73
1991-06-30,3538.00,975.00,431.00,317.00,90.00,150.00,2030.00,397.49
1991-07-31,3538.00,950.00,431.00,317.00,90.00,150.00,2030.00,410.73
1991-08-31,3538.00,800.00,431.00,317.00,90.00,150.00,2030.00,410.73
1991-09-30,3351.00,650.00,394.00,317.00,69.00,135.00,1773.00,397.49
1991-10-31,3163.00,720.00,325.00,274.00,46.00,120.00,1690.00,410.73
1991-11-30,3163.00,575.00,318.00,191.00,25.00,105.00,1690.00,397.49
1991-12-31,3163.00,575.00,323.00,152.00,28.00,107.00,1690.00,425.02
1992-01-31,3163.00,575.00,328.00,165.00,37.00,112.00,1690.00,435.17
1992-02-29,3163.00,575.00,323.00,188.00,38.00,112.00,1690.00,415.50
1992-03-31,2858.00,680.00,343.00,211.00,61.00,127.00,1690.00,430.62
1992-04-30,3393.00,800.00,376.00,270.00,81.00,142.00,1713.00,397.49
1992-05-31,3538.00,975.00,438.00,315.00,90.00,150.00,2002.00,410.73
1992-06-30,3538.00,975.00,431.00,317.00,90.00,150.00,2030.00,397.49
1992-07-31,3538.00,950.00,431.00,317.00,90.00,150.00,2030.00,410.73
1992-08-31,3538.00,800.00,431.00,317.00,90.00,150.00,2030.00,410.73
1992-09-30,3351.00,650.00,394.00,317.00,69.00,135.00,1773.00,397.49
1992-10-31,3157.00,721.00,304.48,274.00,46.00,120.00,1690.00,410.73
1992-11-30,2788.00,575.00,305.79,191.00,25.00,105.00,1690.00,397.49
1992-12-31,2788.00,575.00,313.52,152.00,27.00,106.00,1690.00,425.82
1993-01-31,2794.00,575.00,318.07,162.17,26.00,105.00,1690.00,506.98
1993-02-28,2856.00,600.00,311.25,179.56,30.00,107.00,1690.00,436.41
1993-03-31,2964.00,655.00,334.58,199.55,47.00,118.00,1690.00,440.39
1993-04-30,3456.00,800.00,370.65,264.11,78.00,139.00,1718.00,397.49
1993-05-31,3538.00,975.00,414.44,314.20,90.00,150.00,2002.00,410.73
1993-06-30,3538.00,975.00,429.75,317.00,90.00,150.00,2004.00,397.49
1993-07-31,3538.00,950.00,431.00,317.00,90.00,150.00,2030.00,410.73
1993-08-31,3538.00,800.00,431.00,317.00,90.00,150.00,2030.00,410.73
1993-09-30,3351.00,650.00,388.32,317.00,69.00,135.00,1772.00,397.49
1993-10-31,3163.00,720.00,299.00,274.00,46.00,120.00,1690.00,410.73
1993-11-30,3163.00,575.00,314.00,191.00,25.00,105.00,1690.00,397.49
1993-12-31,3163.00,575.00,323.00,152.00,25.00,105.00,1690.00,429.41
1994-01-31,3163.00,575.00,328.00,165.00,36.00,111.00,1690.00,439.23
1994-02-28,3163.00,575.00,323.00,188.00,45.00,117.00,1690.00,413.16
1994-03-31,3163.00,680.00,344.00,211.00,59.00,126.00,1690.00,427.13
1994-04-30,3459.00,800.00,386.00,270.00,79.00,140.00,1713.00,397.49
1994-05-31,3538.00,975.00,438.00,315.00,90.00,150.00,2002.00,410.73
1994-06-30,3538.00,975.00,431.00,317.00,90.00,150.00,2030.00,397.49
1994-07-31,3538.00,950.00,431.00,317.00,90.00,150.00,2030.00,410.73
1994-08-31,3538.00,800.00,431.00,317.00,90.00,150.00,2030.00,410.73
1994-09-30,3350.00,650.00,394.00,317.00,69.00,135.00,1773.00,397.49
1994-10-31,3163.00,720.00,326.00,274.00,46.00,120.00,1690.00,410.73
1994-11-30,3163.00,575.00,318.00,191.00,25.00,105.00,1690.00,397.49
1994-12-31,2822.00,575.00,323.00,152.00,28.00,107.00,1690.00,425.80
1995-01-31,2943.00,356.00,273.00,160.00,25.00,105.00,1690.00,486.81
1995-02-28,2987.00,309.00,253.00,169.00,25.00,105.00,1690.00,449.53
1995-03-31,2936.00,570.00,288.00,178.00,45.00,117.00,1690.00,464.88
1995-04-30,3303.00,800.00,304.00,250.00,73.00,136.00,1690.00,397.49
1995-05-31,3538.00,975.00,381.00,312.00,90.00,150.00,1930.00,410.73
1995-06-30,3538.00,975.00,431.00,317.00,90.00,150.00,2030.00,397.49
1995-07-31,3538.00,950.00,431.00,317.00,90.00,150.00,2030.00,410.73
1995-08-31,3538.00,800.00,431.00,317.00,90.00,150.00,2030.00,410.73
1995-09-30,3351.00,650.00,382.00,317.00,69.00,135.00,1773.00,397.49
1995-10-31,3149.00,720.00,263.00,274.00,46.00,120.00,1690.00,410.73
1995-11-30,2981.00,498.00,254.00,191.00,25.00,105.00,1690.00,397.49
1995-12-31,2930.00,513.00,265.00,152.00,28.00,107.00,1690.00,434.47
1996-01-31,3004.00,575.00,328.00,162.00,28.00,105.00,1690.00,465.59
1996-02-29,3162.00,575.00,323.00,181.00,29.00,105.00,1690.00,468.58
1996-03-31,3162.00,680.00,343.00,206.00,47.00,117.00,1690.00,464.88
1996-04-30,3433.00,800.00,385.00,268.00,58.00,136.00,1690.00,397.49
1996-05-31,3538.00,975.00,424.00,315.00,90.00,150.00,1900.00,410.73
1996-06-30,3538.00,975.00,431.00,317.00,90.00,150.00,2030.00,397.49
1996-07-31,3538.00,950.00,431.00,317.00,90.00,150.00,2030.00,410.73
1996-08-31,3538.00,800.00,431.00,317.00,90.00,150.00,2030.00,410.73
1996-09-30,3162.00,650.00,394.00,317.00,69.00,135.00,1773.00,397.49
1996-10-31,3163.00,720.00,325.00,274.00,46.00,120.00,1690.00,410.73
1996-11-30,3163.00,575.00,318.00,191.00,25.00,105.00,1690.00,397.49
1996-12-31,3029.00,575.00,323.00,152.00,26.00,105.00,1690.00,472.10
1997-01-31,2787.00,336.00,258.00,160.00,37.00,112.00,1690.00,522.64
1997-02-28,2787.00,353.00,253.00,177.00,38.00,112.00,1690.00,472.06
1997-03-31,3163.00,602.00,297.00,202.00,47.00,119.00,1690.00,464.88
1997-04-30,3465.00,800.00,364.00,269.00,78.00,139.00,1713.00,397.49
1997-05-31,3538.00,975.00,424.00,315.00,90.00,150.00,1975.00,410.73
1997-06-30,3538.00,975.00,431.00,317.00,90.00,150.00,2030.00,397.49
1997-07-31,3538.00,950.00,431.00,317.00,90.00,150.00,2030.00,410.73
1997-08-31,3538.00,800.00,431.00,317.00,90.00,150.00,2030.00,410.73
1997-09-30,3350.00,650.00,384.00,317.00,69.00,135.00,1773.00,397.49
1997-10-31,3163.00,720.00,302.00,274.00,46.00,120.00,1690.00,410.73
1997-11-30,2957.00,575.00,306.00,191.00,25.00,105.00,1690.00,397.49
1997-12-31,2788.00,575.00,323.00,152.00,28.00,107.00,1690.00,433.34
1998-01-31,2943.00,356.00,273.00,160.00,29.00,107.00,1690.00,495.76
1998-02-28,2987.00,309.00,253.00,169.00,41.00,114.00,1690.00,472.06
1998-03-31,2936.00,570.00,288.00,178.00,47.00,118.00,1690.00,464.88
1998-04-30,3303.00,800.00,304.00,250.00,58.00,127.00,1690.00,397.49
1998-05-31,3538.00,975.00,381.00,312.00,90.00,150.00,1880.00,410.73
1998-06-30,3538.00,975.00,431.00,317.00,90.00,150.00,2030.00,397.49
1998-07-31,3538.00,950.00,431.00,317.00,90.00,150.00,2030.00,410.73
1998-08-31,3538.00,800.00,431.00,317.00,90.00,150.00,2030.00,410.73
1998-09-30,3351.00,650.00,382.00,317.00,69.00,135.00,1773.00,397.49
1998-10-31,3149.00,720.00,263.00,274.00,46.00,120.00,1690.00,410.73
1998-11-30,2981.00,498.00,254.00,191.00,25.00,105.00,1690.00,397.49
1998-12-31,2930.00,513.00,265.00,152.00,28.00,107.00,1690.00,447.02
1999-01-31,2788.00,554.00,282.00,160.00,28.00,107.00,1690.00,515.32
1999-02-28,2890.00,553.00,272.00,169.00,36.00,113.00,1690.00,472.06
1999-03-31,2937.00,655.00,290.00,178.00,51.00,125.00,1690.00,464.88
1999-04-30,3350.00,800.00,363.00,250.00,67.00,141.00,1713.00,397.49
1999-05-31,3538.00,975.00,421.00,312.00,90.00,150.00,1980.00,410.73
1999-06-30,3538.00,975.00,431.00,317.00,90.00,150.00,2030.00,397.49
1999-07-31,3538.00,950.00,431.00,317.00,90.00,150.00,2030.00,410.73
1999-08-31,3538.00,800.00,431.00,317.00,90.00,150.00,2030.00,410.73
1999-09-30,3350.00,650.00,381.00,317.00,69.00,135.00,1773.00,397.49
1999-10-31,3163.00,720.00,298.00,274.00,46.00,120.00,1690.00,410.73
1999-11-30,3163.00,575.00,315.00,191.00,25.00,105.00,1690.00,397.49
1999-12-31,3163.00,575.00,323.00,152.00,28.00,107.00,1690.00,430.82
2000-01-31,2870.00,575.00,328.00,160.00,36.00,111.00,1690.00,458.35
2000-02-29,2788.00,575.00,322.00,177.00,42.00,116.00,1690.00,468.58
2000-03-31,2788.00,680.00,314.00,202.00,50.00,120.00,1690.00,464.88
2000-04-30,3238.00,800.00,363.00,269.00,80.00,141.00,1713.00,397.49
2000-05-31,3538.00,975.00,438.00,315.00,90.00,150.00,1975.00,410.73
2000-06-30,3538.00,975.00,431.00,317.00,90.00,150.00,2030.00,397.49
2000-07-31,3538.00,950.00,431.00,317.00,90.00,150.00,2030.00,410.73
2000-08-31,3538.00,800.00,431.00,317.00,90.00,150.00,2030.00,410.73
2000-09-30,3350.00,650.00,394.00,317.00,69.00,135.00,1773.00,397.49
2000-10-31,3163.00,720.00,312.00,274.00,46.00,120.00,1690.00,410.73
2000-11-30,3163.00,575.00,318.00,191.00,25.00,105.00,1690.00,397.49
2000-12-31,2788.00,575.00,323.00,152.00,27.00,106.00,1690.00,434.83
2001-01-31,3012.00,575.00,328.00,165.00,36.00,112.00,1690.00,457.58
2001-02-28,2872.00,575.00,323.00,188.00,46.00,118.00,1690.00,415.27
2001-03-31,3145.00,680.00,344.00,211.00,60.00,127.00,1690.00,444.24
2001-04-30,3348.00,800.00,363.00,270.00,81.00,142.00,1713.00,397.49
2001-05-31,3538.00,975.00,438.00,315.00,90.00,150.00,2002.00,410.73
2001-06-30,3538.00,975.00,431.00,317.00,90.00,150.00,2030.00,397.49
2001-07-31,3538.00,950.00,431.00,317.00,90.00,150.00,2030.00,410.73
2001-08-31,3538.00,800.00,431.00,317.00,90.00,150.00,2030.00,410.73
2001-09-30,3350.00,650.00,394.00,317.00,69.00,135.00,1773.00,397.49
2001-10-31,3163.00,720.00,326.00,274.00,46.00,120.00,1690.00,410.73
2001-11-30,2788.00,575.00,318.00,191.00,25.00,105.00,1690.00,397.49
2001-12-31,3046.00,575.00,323.00,152.00,25.00,105.00,1690.00,433.76
2002-01-31,3163.00,575.00,328.00,162.00,31.00,108.00,1690.00,460.66
2002-02-28,2896.00,575.00,323.00,181.00,40.00,113.00,1690.00,410.96
2002-03-31,3002.00,680.00,344.00,206.00,54.00,123.00,1690.00,432.39
2002-04-30,3363.00,800.00,363.00,268.00,78.00,139.00,1713.00,397.49
2002-05-31,3538.00,975.00,424.00,315.00,90.00,150.00,2002.00,410.73
2002-06-30,3538.00,975.00,431.00,317.00,90.00,150.00,2030.00,397.49
2002-07-31,3538.00,950.00,431.00,317.00,90.00,150.00,2030.00,410.73
2002-08-31,3538.00,800.00,431.00,317.00,90.00,150.00,2030.00,410.73
2002-09-30,3350.00,650.00,383.00,317.00,69.00,135.00,1773.00,397.49
2002-10-31,3163.00,720.00,296.00,274.00,46.00,120.00,1690.00,410.73
2002-11-30,3163.00,575.00,306.00,191.00,25.00,105.00,1690.00,397.49
2002-12-31,3163.00,575.00,323.00,152.00,27.00,106.00,1690.00,431.53
2003-01-31,3072.00,575.00,328.00,162.00,33.00,110.00,1690.00,445.27
2003-02-28,3108.00,575.00,321.00,181.00,41.00,114.00,1690.00,409.85
2003-03-31,2797.00,679.00,290.00,206.00,57.00,125.00,1690.00,430.91
2003-04-30,3350.00,800.00,363.00,268.00,79.00,140.00,1713.00,397.49
2003-05-31,3538.00,975.00,438.00,315.00,90.00,150.00,2002.00,410.73
2003-06-30,3538.00,975.00,431.00,317.00,90.00,150.00,2030.00,397.49
2003-07-31,3538.00,950.00,431.00,317.00,90.00,150.00,2030.00,410.73
2003-08-31,3538.00,800.00,431.00,317.00,90.00,150.00,2030.00,410.73
2003-09-30,3350.00,650.00,394.00,317.00,69.00,135.00,1773.00,397.49